,sportnik,tipAktivnosti,zacetekAktivnosti,trajanjeAktivnosti,razdaljaAktivnosti,vzponAktivnosti,kalorijeAktivnosti,tempoAktivnosti,kadenceAvgAktivnosti,kadenceMaxAktivnosti
0,4,biking,2017-02-28T08:22:50.000Z,11306.0,29.042720703125,1873.2000427246094,1520,06:29,103,115.0
1,4,biking,2017-03-31T12:05:43.000Z,4092.0,15.2771201171875,472.2000002861023,361,04:27,125,125.0
2,4,biking,2015-01-20T08:49:44.000Z,9988.0,37.68416015625,1352.39990234375,968,04:25,98,124.0
3,4,biking,2015-05-16T14:09:19.000Z,1757.0,7.77202978515625,221.7999267578125,152,03:46,0.0,0.0
4,4,biking,2015-06-07T10:03:42.000Z,1405.0,3.741340087890625,220.20000457763672,138,06:15,0.0,0.0
5,4,biking,2016-05-22T08:53:09.000Z,3.0,0.0019800000190734863,0.0,0,25:15,0.0,0.0
6,4,biking,2016-03-10T13:41:03.000Z,2780.0,9.973490234375,334.2001647949219,366,04:38,70,121.0
7,4,biking,2014-07-14T08:37:27.000Z,5764.0,18.5500703125,714.9998779296875,487,05:10,77,98.0
8,4,biking,2017-04-12T12:38:06.000Z,8162.0,27.760630859375,932.1998596191406,663,04:54,113,126.0
9,4,biking,2016-05-08T09:31:18.000Z,6276.0,21.9541796875,1133.1999969482422,1010,04:45,121,121.0
10,4,running,2016-01-16T10:03:50.000Z,3464.0,9.7262802734375,284.599853515625,564,05:56,0.0,0.0
11,4,biking,2017-03-19T08:44:09.000Z,18014.0,75.51115625,2060.6000591516495,1979,03:58,140,140.0
12,4,biking,2016-06-02T09:28:49.000Z,13498.0,51.96776171875,850.2000732421875,1515,04:19,0.0,0.0
13,4,biking,2017-02-01T10:25:31.000Z,10526.0,40.9106796875,1040.8000285327435,1190,04:17,104,153.0
14,4,biking,2016-04-13T08:22:46.000Z,8262.0,28.61425,1371.2001647949219,1226,04:48,91,122.0
15,4,biking,2016-05-29T08:57:47.000Z,7558.0,1.5453699951171875,20.60009765625,35,21:30,115,115.0
16,4,biking,2017-08-06T17:50:32.000Z,1713.0,9.8478701171875,169.8000030517578,153,02:53,0.0,0.0
17,4,biking,2014-07-01T11:53:13.000Z,10421.0,35.80830859375,1197.2000732421875,784,04:51,91,124.0
18,4,biking,2016-07-26T10:23:11.000Z,1153.0,3.1535,163.800048828125,147,06:05,107,107.0
19,4,biking,2017-10-15T06:55:01.000Z,29535.0,81.039421875,2691.8001098632812,1657,06:04,129,129.0
20,4,biking,2015-12-03T09:34:32.000Z,3145.0,6.286240234375,453.80010986328125,293,08:20,0.0,0.0
21,4,biking,2015-02-04T05:57:24.000Z,154.0,0.010989999771118164,0.0,1,53:32,0.0,0.0
22,4,biking,2014-11-28T10:04:24.000Z,3460.0,7.22822998046875,476.60003662109375,389,07:58,0.0,0.0
23,4,biking,2017-10-14T05:24:38.000Z,30066.0,48.16155078125,1833.199966430664,1829,10:24,0.0,0.0
24,4,biking,2014-10-02T08:16:43.000Z,8708.0,34.7245703125,1486.60009765625,902,04:10,98,116.0
25,4,biking,2014-09-03T07:23:46.000Z,8575.0,28.09744921875,1004.9999923706055,771,05:05,107,129.0
26,4,biking,2014-07-31T14:10:45.000Z,7467.0,21.638400390625,977.0000305175781,657,05:45,107,118.0
27,4,biking,2015-08-05T14:07:56.000Z,7999.0,26.022609375,906.8000183105469,636,05:07,0.0,0.0
28,4,biking,2015-05-16T08:29:56.000Z,7459.0,31.479369140625,1101.0003051757812,661,03:56,97,119.0
29,4,biking,2015-02-03T06:03:44.000Z,149.0,0.010960000038146973,0.0,3,46:34,0.0,0.0
30,4,biking,2014-12-29T09:39:02.000Z,3880.0,0.19019000244140624,0.0,391,40:00,113,113.0
31,4,biking,2017-08-13T08:23:01.000Z,5392.0,15.75466015625,986.2000122070312,626,05:42,111,118.0
32,4,biking,2017-03-14T09:34:39.000Z,6025.0,25.701189453125,782.9999084472656,714,03:54,189,189.0
33,4,biking,2015-07-16T07:13:42.000Z,9970.0,68.22340625,1554.8000583648682,960,02:26,104,116.0
34,4,biking,2017-08-03T16:55:28.000Z,8920.0,20.26555078125,1027.5999908447266,669,07:20,0.0,127.0
35,4,biking,2017-05-11T09:12:39.000Z,4960.0,18.69376953125,306.79998779296875,532,04:25,97,110.0
36,4,biking,2017-07-09T09:19:42.000Z,2193.0,0.16449000549316406,8.5999755859375,211,42:12,0.0,0.0
37,4,biking,2015-07-22T08:00:15.000Z,6527.0,22.8222890625,1032.0,561,04:45,0.0,0.0
38,4,biking,2016-08-31T09:54:09.000Z,8153.0,18.0005390625,918.0003662109375,846,07:32,126,126.0
39,4,biking,2016-07-06T14:32:24.000Z,5265.0,14.1110302734375,575.7989501953125,659,06:13,116,116.0
40,4,biking,2016-08-10T13:08:37.000Z,9453.0,40.49469140625,844.0,1042,03:53,0.0,0.0
41,4,biking,2015-12-23T12:57:53.000Z,5630.0,12.38691015625,816.60009765625,598,07:34,0.0,0.0
42,4,biking,2015-09-19T08:14:15.000Z,5508.0,34.5440390625,690.599853515625,460,02:39,0.0,0.0
43,4,biking,2016-01-27T08:37:53.000Z,13349.0,66.6238828125,1786.8003234863281,2010,03:20,148,148.0
44,4,biking,2015-05-03T09:23:15.000Z,3256.0,10.8594501953125,299.80010986328125,277,04:59,104,104.0
45,4,biking,2015-08-29T07:50:46.000Z,7086.0,29.80101953125,1234.1999816894531,655,03:57,0.0,0.0
46,4,biking,2016-06-25T09:51:02.000Z,5568.0,25.6121796875,935.0,1023,03:37,115,122.0
47,4,biking,2015-06-13T07:50:34.000Z,8562.0,31.635630859375,1055.7999877929688,727,04:30,0.0,0.0
48,4,biking,2017-04-01T11:46:36.000Z,1504.0,8.72933984375,88.19999885559082,141,02:52,108,108.0
49,4,biking,2017-03-25T15:31:51.000Z,4671.0,16.63625,673.3999481201172,610,04:40,152,152.0
50,4,biking,2015-06-08T15:54:01.000Z,3181.0,20.927,400.3999938964844,284,02:32,0.0,0.0
51,4,biking,2017-08-06T16:14:08.000Z,4911.0,19.431609375,1068.199966430664,757,04:12,138,138.0
52,4,biking,2016-03-06T10:52:08.000Z,2121.0,12.3545703125,126.9999885559082,231,02:51,108,108.0
53,4,biking,2015-08-09T17:27:42.000Z,2185.0,12.6837001953125,115.20004272460938,183,02:52,0.0,0.0
54,4,biking,2015-09-02T10:08:16.000Z,9261.0,25.712060546875,1123.4000244140625,804,06:00,0.0,106.0
55,4,biking,2017-02-10T09:41:09.000Z,18658.0,102.158703125,2622.200093269348,2094,03:02,0.0,0.0
56,4,biking,2017-05-28T08:19:44.000Z,1487.0,0.09277999877929688,8.20001220703125,151,27:07,0.0,0.0
57,4,biking,2014-07-22T07:12:09.000Z,855.0,2.1655400390625,107.800048828125,78,06:34,0.0,0.0
58,4,biking,2015-06-10T08:49:58.000Z,8664.0,32.857328125,1192.9998931884766,813,04:23,0.0,0.0
59,4,biking,2017-04-26T07:51:56.000Z,8050.0,20.27391015625,838.0003051757812,623,06:37,101,110.0
60,4,biking,2016-07-12T08:53:13.000Z,5634.0,16.19298046875,746.4000244140625,593,05:47,0.0,0.0
61,4,biking,2017-04-30T08:42:24.000Z,9300.0,64.144609375,1069.2000045776367,784,02:24,118,118.0
62,4,biking,2015-11-12T11:50:31.000Z,7751.0,60.09398828125,590.0001373291016,630,02:08,0.0,0.0
63,4,biking,2017-01-11T10:53:33.000Z,3400.0,0.1510500030517578,18.199951171875,495,15:09,102,203.0
64,4,biking,2016-05-24T09:19:31.000Z,4245.0,0.08491999816894531,26.60015869140625,457,53:08,116,116.0
65,4,biking,2014-12-04T10:40:19.000Z,2831.0,0.3301600036621094,2.20001220703125,231,22:54,110,110.0
66,4,biking,2015-04-06T11:52:05.000Z,4145.0,17.1325390625,227.60000228881836,305,04:01,102,102.0
67,4,biking,2015-10-09T17:43:30.000Z,1223.0,4.9692998046875,160.8000030517578,180,04:06,0.0,0.0
68,4,biking,2017-07-11T09:05:58.000Z,4511.0,12.6480703125,761.0000610351562,436,05:56,137,137.0
69,4,biking,2014-08-16T08:23:19.000Z,7483.0,27.363859375,1298.2000122070312,659,04:33,116,116.0
70,4,biking,2014-10-05T09:02:31.000Z,9741.0,33.09908984375,1491.6000061035156,747,04:54,0.0,0.0
71,4,biking,2015-01-11T08:36:58.000Z,12780.0,100.4927421875,707.4000205993652,912,02:07,117,117.0
72,4,biking,2017-06-24T08:42:22.000Z,6452.0,29.1271796875,1089.3997497558594,569,03:41,102,115.0
73,4,biking,2014-12-09T09:09:18.000Z,11861.0,34.057609375,1478.4000701904297,921,05:48,0.0,0.0
74,4,biking,2014-12-05T10:09:14.000Z,4720.0,0.5651500244140625,6.4000244140625,340,19:11,107,113.0
75,4,biking,2017-01-25T10:11:54.000Z,3596.0,0.1900800018310547,25.80029296875,524,15:18,101,116.0
76,4,biking,2015-01-29T09:01:54.000Z,5337.0,32.2721796875,608.9998779296875,586,02:45,101,110.0
77,4,biking,2015-03-15T09:13:32.000Z,6619.0,17.7505,1214.2000274658203,611,06:12,107,113.0
78,4,biking,2014-09-06T09:04:21.000Z,1636.0,0.005860000133514404,0.0,168,33:00,0.0,0.0
79,4,biking,2015-12-04T14:47:02.000Z,3061.0,6.4568798828125,404.1998291015625,277,07:54,0.0,0.0
80,4,biking,2015-07-04T08:03:26.000Z,4627.0,12.5801904296875,428.0003662109375,394,06:07,0.0,0.0
81,4,biking,2017-05-19T08:36:00.000Z,4460.0,16.08201953125,509.60009765625,372,04:37,115,115.0
82,4,biking,2017-01-30T11:02:43.000Z,12954.0,57.41512109375,1677.5999858379364,1547,03:45,141,155.0
83,4,biking,2016-06-21T08:05:40.000Z,9530.0,62.213359375,1020.3999633789062,864,02:33,0.0,0.0
84,4,biking,2016-08-06T14:08:44.000Z,3005.0,9.7589296875,450.79998779296875,470,05:07,119,119.0
85,4,biking,2014-12-18T12:22:09.000Z,11094.0,27.397849609375,778.8000831604004,821,06:44,0.0,0.0
86,4,biking,2014-07-17T07:15:45.000Z,13108.0,36.79219140625,1435.200439453125,968,05:56,0.0,0.0
87,4,biking,2014-09-12T08:31:07.000Z,7716.0,36.7716484375,959.5999145507812,692,03:29,107,144.0
88,4,running,2016-02-10T08:33:58.000Z,2709.0,7.25597021484375,221.2000732421875,373,06:13,0.0,0.0
89,4,biking,2017-08-06T15:14:32.000Z,2412.0,0.012960000038146973,0.0,222,41:51,64,64.0
90,4,biking,2016-09-21T07:01:57.000Z,7031.0,25.032880859375,1285.1997680664062,1079,04:40,113,113.0
91,4,biking,2016-04-17T00:08:51.000Z,7057.0,51.10480859375,302.80001306533813,784,02:18,0.0,0.0
92,4,biking,2016-04-10T10:48:52.000Z,6755.0,25.68241015625,1135.7998046875,1343,04:23,178,178.0
93,4,biking,2017-02-14T13:55:46.000Z,12908.0,37.056390625,1227.60009765625,1104,05:48,129,129.0
94,4,biking,2015-04-11T08:48:51.000Z,3700.0,9.5720703125,181.20000317692757,297,06:26,101,113.0
95,4,biking,2016-06-07T07:23:52.000Z,16681.0,62.0541484375,2128.99951171875,2219,04:28,112,112.0
96,4,biking,2017-04-06T08:09:39.000Z,9111.0,23.068779296875,1220.000244140625,664,06:34,111,138.0
97,4,biking,2014-12-12T08:35:13.000Z,11863.0,27.7920390625,1179.1999893188477,919,07:06,0.0,0.0
98,4,biking,2017-07-02T12:08:18.000Z,1235.0,0.009949999809265137,0.0,116,28:40,0.0,0.0
99,4,biking,2015-07-05T09:13:55.000Z,6083.0,23.004009765625,925.6002197265625,920,04:24,0.0,0.0
100,4,biking,2014-10-18T03:37:24.000Z,970.0,5.02510986328125,23.599998474121094,88,03:13,0.0,0.0
101,4,biking,2016-10-05T09:21:49.000Z,5631.0,26.387259765625,132.60000705718994,448,03:33,124,124.0
102,4,biking,2015-04-26T10:41:45.000Z,2489.0,0.007210000038146973,4.4000244140625,222,53:34,0.0,0.0
103,4,biking,2015-04-03T09:07:56.000Z,3918.0,15.6077099609375,559.2000427246094,290,04:11,99,99.0
104,4,biking,2015-02-07T05:15:39.000Z,147.0,0.036049999237060544,0.0,1,07:57,0.0,0.0
105,4,biking,2016-04-29T09:28:13.000Z,3505.0,21.114849609375,456.39996337890625,468,02:45,0.0,0.0
106,4,biking,2016-04-30T11:04:25.000Z,2432.0,13.9031904296875,229.79998779296875,343,02:54,0.0,0.0
107,4,biking,2017-02-15T10:00:40.000Z,9057.0,39.06462890625,957.0000304877758,1195,03:51,181,181.0
108,4,biking,2014-10-17T01:58:34.000Z,4427.0,17.7059296875,559.6000074446201,684,04:10,0.0,0.0
109,4,biking,2017-04-09T10:28:28.000Z,5436.0,21.16276953125,1107.6000518798828,847,04:16,144,144.0
110,4,biking,2015-06-19T10:06:53.000Z,6654.0,10.9187099609375,576.0000305175781,406,10:09,0.0,0.0
111,4,biking,2017-07-27T08:28:28.000Z,7965.0,20.235310546875,711.9999694824219,585,06:33,0.0,0.0
112,4,biking,2015-11-04T08:41:16.000Z,10423.0,25.887109375,1318.9999389648438,830,06:42,0.0,0.0
113,4,biking,2014-09-19T07:40:51.000Z,6269.0,43.37376953125,977.200026512146,572,02:24,0.0,0.0
114,4,biking,2016-09-18T07:59:59.000Z,3176.0,12.059240234375,954.0000305175781,773,04:23,114,114.0
115,4,biking,2015-11-09T08:54:40.000Z,10932.0,22.783640625,1281.7999725341797,815,07:59,0.0,0.0
116,4,biking,2017-09-25T14:43:03.000Z,2852.0,15.5720703125,532.8000183105469,334,03:03,96,120.0
117,4,biking,2016-07-20T12:53:39.000Z,7493.0,21.887119140625,1114.2000122070312,1121,05:42,118,120.0
118,4,biking,2017-04-23T12:13:51.000Z,5239.0,20.218419921875,973.3998718261719,747,04:19,139,139.0
119,4,biking,2016-07-30T09:44:21.000Z,3671.0,14.1653798828125,615.800048828125,603,04:19,105,124.0
120,4,biking,2017-04-27T09:00:12.000Z,4374.0,0.5951400146484375,2.20001220703125,466,02:29,100,124.0
121,4,biking,2015-11-06T11:25:20.000Z,8396.0,58.3622109375,770.1999053955078,637,02:23,0.0,0.0
122,4,biking,2017-06-02T06:37:39.000Z,14451.0,47.65023828125,2420.599868774414,1316,05:03,115,115.0
123,4,biking,2015-09-05T09:02:58.000Z,2292.0,0.07405999755859374,0.0,207,35:47,0.0,0.0
124,4,biking,2015-05-22T09:26:56.000Z,4679.0,27.744109375,488.39996337890625,530,02:48,118,118.0
125,4,biking,2016-01-20T09:00:05.000Z,11420.0,27.895380859375,1487.39990234375,1089,06:49,0.0,0.0
126,4,biking,2014-08-21T10:06:40.000Z,6802.0,21.241869140625,960.999755859375,637,05:20,124,137.0
127,4,biking,2017-10-01T08:07:30.000Z,9104.0,45.22583984375,1103.4000396728516,696,03:21,131,131.0
128,4,biking,2014-07-06T08:00:31.000Z,15171.0,29.326169921875,1913.6000518798828,835,08:37,0.0,0.0
129,4,biking,2016-03-20T09:47:51.000Z,16173.0,39.48137890625,2270.8003845214844,1473,06:49,0.0,0.0
130,4,biking,2014-10-17T03:19:56.000Z,1241.0,6.23666015625,63.99999809265137,116,03:18,0.0,0.0
131,4,biking,2017-02-16T09:47:55.000Z,14449.0,62.7249609375,1609.3999394625425,1761,03:50,148,148.0
132,4,biking,2016-07-10T09:19:01.000Z,5820.0,25.21023046875,766.0006103515625,1352,03:50,0.0,0.0
133,4,biking,2017-05-28T09:14:03.000Z,6294.0,23.345640625,1269.4000244140625,942,04:29,135,135.0
134,4,biking,2016-01-13T08:45:19.000Z,15960.0,79.5152734375,1838.4005737304688,2161,03:20,227,227.0
135,4,biking,2016-07-07T11:44:57.000Z,7172.0,25.77319921875,915.799560546875,1063,04:38,108,108.0
136,4,biking,2014-07-02T07:03:22.000Z,15961.0,115.18721875,1469.0000915527344,1294,02:18,0.0,0.0
137,4,biking,2016-05-15T14:08:14.000Z,3279.0,9.0392197265625,518.000244140625,459,06:02,0.0,0.0
138,4,biking,2017-08-16T08:03:02.000Z,7419.0,22.442640625,1244.400146484375,723,05:30,105,126.0
139,4,biking,2016-06-04T07:33:22.000Z,15767.0,62.05551171875,1841.2003479003906,1716,04:14,0.0,0.0
140,4,biking,2016-05-19T11:48:28.000Z,9833.0,26.1778203125,994.7998046875,1068,06:15,95,132.0
141,4,biking,2015-06-26T08:48:32.000Z,6940.0,23.383640625,1218.3998718261719,640,04:56,0.0,0.0
142,4,biking,2016-04-22T23:36:39.000Z,5723.0,25.081150390625,317.199990272522,642,03:48,0.0,0.0
143,4,biking,2016-07-27T09:22:57.000Z,6308.0,4.62922998046875,584.800048828125,530,22:42,0.0,0.0
144,4,biking,2016-05-25T11:56:17.000Z,9552.0,28.27341015625,826.39990234375,1030,05:37,127,127.0
145,4,biking,2017-07-08T08:58:58.000Z,2401.0,7.63647998046875,262.8001708984375,273,05:14,121,121.0
146,4,biking,2015-04-25T14:15:59.000Z,5348.0,15.7529697265625,416.2000732421875,394,05:39,120,120.0
147,4,biking,2016-10-06T06:12:26.000Z,3546.0,22.513560546875,422.4000055938959,704,02:37,129,129.0
148,4,biking,2016-05-06T08:25:24.000Z,3870.0,23.325080078125,184.60008239746094,411,02:45,114,114.0
149,4,biking,2016-07-13T11:26:07.000Z,6788.0,28.2160390625,828.0002136230469,860,04:00,127,127.0
150,4,biking,2014-10-06T07:47:35.000Z,9083.0,38.33369140625,1568.7997436523438,887,03:56,101,116.0
151,4,biking,2015-10-10T13:02:24.000Z,2903.0,10.144099609375,334.4000053405762,270,04:46,0.0,0.0
152,4,biking,2017-01-26T09:13:35.000Z,5611.0,10.061849609375,601.9999389648438,668,09:17,0.0,0.0
153,4,biking,2015-06-15T06:12:43.000Z,17311.0,107.1743828125,1982.0000047683716,1408,02:41,0.0,0.0
154,4,biking,2016-09-09T07:18:55.000Z,10991.0,41.8434296875,1592.8001708984375,1299,04:22,0.0,0.0
155,4,biking,2016-08-07T15:19:04.000Z,5915.0,22.3720390625,1085.399917602539,1185,04:24,136,136.0
156,4,biking,2016-06-26T08:34:27.000Z,3600.0,10.0099296875,538.2000732421875,505,05:59,0.0,0.0
157,4,biking,2016-02-23T13:12:12.000Z,8949.0,30.466189453125,1023.1995239257812,952,04:53,120,120.0
158,4,biking,2015-01-27T09:55:50.000Z,7007.0,34.8627109375,775.7998657226562,551,03:20,108,108.0
159,4,biking,2017-03-26T08:01:08.000Z,5184.0,26.1780390625,1109.3998413085938,1047,03:18,167,167.0
160,4,biking,2014-07-19T08:07:47.000Z,16642.0,22.0154609375,1216.7999572753906,722,12:35,0.0,0.0
161,4,biking,2016-10-26T09:33:20.000Z,2285.0,4.44439013671875,98.2000732421875,110,08:34,0.0,0.0
162,4,biking,2014-12-04T09:36:33.000Z,1206.0,0.15552999877929688,0.0,99,09:14,110,110.0
163,4,biking,2014-10-13T03:18:23.000Z,936.0,5.2545400390625,44.59999990463257,84,02:58,104,104.0
164,4,biking,2015-04-06T10:29:54.000Z,3187.0,17.13426953125,583.3999977111816,515,03:06,110,137.0
165,4,biking,2015-07-07T07:10:00.000Z,7839.0,24.1984609375,1004.5999145507812,512,05:23,0.0,0.0
166,4,biking,2015-02-16T08:43:55.000Z,13684.0,36.350640625,1552.8000106811523,1810,06:16,124,124.0
167,4,biking,2016-04-09T07:39:13.000Z,3859.0,10.028919921875,224.20001220703125,404,06:24,123,123.0
168,4,biking,2016-02-28T10:50:28.000Z,1745.0,6.38285009765625,182.39996337890625,151,04:33,97,97.0
169,4,biking,2017-06-06T06:08:58.000Z,15785.0,52.77025,1816.8000183105469,1251,04:59,127,132.0
170,4,biking,2016-03-19T08:53:07.000Z,13327.0,57.8582109375,1816.3999633789062,1785,03:50,111,120.0
171,4,biking,2016-03-08T09:49:47.000Z,4611.0,30.13033984375,107.00006103515625,612,02:33,124,124.0
172,4,biking,2015-08-17T08:32:26.000Z,5098.0,0.657239990234375,2.20001220703125,372,09:16,0.0,0.0
173,4,biking,2015-09-12T08:00:14.000Z,6187.0,25.8521796875,1171.0000610351562,731,03:59,0.0,0.0
174,4,biking,2017-06-11T08:09:59.000Z,8292.0,34.42676171875,1425.2000732421875,795,04:00,104,119.0
175,4,biking,2014-09-21T08:01:01.000Z,3113.0,11.7623603515625,941.0000305175781,757,04:24,113,113.0
176,4,biking,2015-01-24T08:06:44.000Z,19212.0,55.3423515625,2534.8001403808594,1636,05:47,120,120.0
177,4,biking,2014-11-26T09:18:16.000Z,8614.0,29.968439453125,1354.199935913086,679,04:47,0.0,0.0
178,4,biking,2014-08-19T17:51:18.000Z,1502.0,0.014329999923706054,0.0,162,06:55,116,116.0
179,4,biking,2016-04-20T23:06:35.000Z,3216.0,19.082849609375,118.40000700950623,342,02:48,0.0,0.0
180,4,biking,2015-03-19T08:41:47.000Z,11344.0,75.3676875,1297.0000610351562,788,02:30,110,110.0
181,4,biking,2015-10-26T08:57:03.000Z,7211.0,22.21325,1057.7999572753906,688,05:24,0.0,0.0
182,4,biking,2014-08-27T08:45:07.000Z,4779.0,17.244890625,781.8000183105469,521,04:37,112,112.0
183,4,biking,2017-07-30T09:07:10.000Z,2250.0,0.456260009765625,2.1999969482421875,215,22:11,71,71.0
184,4,biking,2015-11-03T10:14:49.000Z,8194.0,42.0733984375,603.4000129699707,643,03:14,0.0,0.0
185,4,biking,2015-04-22T07:38:31.000Z,10789.0,75.385703125,1244.7999267578125,811,02:23,136,136.0
186,4,biking,2014-07-10T08:33:18.000Z,4920.0,17.666,829.4000854492188,516,04:38,104,107.0
187,4,biking,2015-04-02T07:46:01.000Z,10179.0,31.65916015625,1432.7998657226562,933,05:21,97,128.0
188,4,biking,2015-04-06T09:02:09.000Z,2333.0,9.2904697265625,280.20002365112305,221,04:11,122,122.0
189,4,biking,2014-08-05T14:18:24.000Z,9568.0,14.3685595703125,665.199951171875,430,11:05,0.0,0.0
190,4,biking,2014-12-13T08:44:05.000Z,135.0,0.35957998657226564,4.1999969482421875,4,06:15,0.0,0.0
191,4,biking,2015-07-29T14:26:12.000Z,8453.0,19.9399609375,864.3999938964844,690,07:03,101,117.0
192,4,biking,2016-08-29T08:34:49.000Z,7086.0,22.020029296875,1076.19970703125,1083,05:21,107,122.0
193,4,biking,2015-05-05T07:26:39.000Z,8625.0,33.022640625,1262.39990234375,766,04:21,91,107.0
194,4,biking,2016-07-06T09:33:20.000Z,5977.0,25.594400390625,893.0003662109375,667,03:53,96,116.0
195,4,biking,2016-02-29T09:25:17.000Z,3966.0,20.29373046875,144.80000154674053,332,03:15,120,120.0
196,4,biking,2016-07-03T05:07:25.000Z,3143.0,17.539689453125,328.39990234375,374,02:59,134,134.0
197,4,biking,2016-07-21T13:55:11.000Z,8432.0,16.520119140625,947.2001953125,1030,08:30,117,133.0
198,4,biking,2014-09-24T11:52:57.000Z,8380.0,33.35355078125,1004.5998840332031,700,04:11,102,116.0
199,4,biking,2014-07-05T07:02:32.000Z,8876.0,47.44316015625,1577.6002044677734,1063,03:07,148,148.0
200,4,biking,2017-07-12T07:02:58.000Z,10457.0,75.4518671875,1219.7999267578125,727,02:18,102,108.0
201,4,biking,2014-07-07T04:30:44.000Z,150.0,0.01705999946594238,2.0,1,26:32,0.0,0.0
202,4,biking,2016-03-05T08:18:26.000Z,3271.0,14.8586298828125,145.80001020431519,315,03:40,127,127.0
203,4,biking,2017-07-24T08:20:21.000Z,5547.0,28.459259765625,922.7999267578125,528,03:14,115,118.0
204,4,biking,2014-09-30T08:14:15.000Z,8736.0,28.5400703125,1535.6000061035156,756,05:06,95,154.0
205,4,biking,2017-04-17T10:40:15.000Z,5394.0,29.276740234375,1009.3999557495117,820,03:04,126,126.0
206,4,biking,2014-07-16T10:47:53.000Z,9116.0,31.49608984375,1295.0,781,04:49,78,128.0
207,4,biking,2016-01-24T09:13:10.000Z,14006.0,86.3101171875,1529.39997702837,1540,02:42,0.0,0.0
208,4,biking,2015-05-02T10:13:40.000Z,11147.0,13.880669921875,915.2000122070312,683,13:23,0.0,0.0
209,4,biking,2016-01-02T09:29:00.000Z,10409.0,28.207390625,1320.200065612793,931,06:09,0.0,0.0
210,4,biking,2016-09-29T15:00:01.000Z,3151.0,21.251970703125,409.5999450683594,499,02:28,0.0,0.0
211,4,biking,2016-07-08T09:15:22.000Z,2581.0,10.2187001953125,312.800537109375,291,04:12,114,114.0
212,4,biking,2017-06-18T13:16:48.000Z,873.0,4.92385986328125,45.399993896484375,74,02:57,108,108.0
213,4,biking,2015-02-04T09:22:31.000Z,6184.0,19.293900390625,204.60006713867188,483,05:20,0.0,0.0
214,4,biking,2017-09-17T08:00:03.000Z,3159.0,11.92298046875,365.20001220703125,492,04:24,61,123.0
215,4,biking,2017-04-11T08:08:38.000Z,5696.0,33.555328125,854.1998748779297,454,02:49,0.0,0.0
216,4,biking,2016-06-15T13:32:54.000Z,10788.0,45.56212109375,1185.800048828125,1261,03:56,129,129.0
217,4,biking,2015-10-31T08:34:45.000Z,11178.0,74.824859375,1269.5999755859375,912,02:29,0.0,0.0
218,4,biking,2015-04-12T08:57:04.000Z,2195.0,6.00181982421875,236.40020751953125,220,06:05,148,148.0
219,4,biking,2015-04-15T08:00:03.000Z,13213.0,67.824,1652.4000265598297,1158,03:14,148,148.0
220,4,biking,2017-03-17T09:08:33.000Z,9489.0,26.372009765625,1270.0000610351562,1161,05:59,107,114.0
221,4,biking,2017-04-08T13:17:31.000Z,4505.0,12.83298046875,523.7999572753906,353,05:51,121,121.0
222,4,biking,2015-11-01T08:57:41.000Z,7774.0,22.07083984375,1101.5997848510742,684,05:52,0.0,0.0
223,4,biking,2016-08-12T13:07:04.000Z,12448.0,62.45503125,1060.0001220703125,1403,03:19,171,171.0
224,4,biking,2014-08-26T09:34:38.000Z,4033.0,0.7514000244140625,2.7999267578125,337,29:27,116,116.0
225,4,biking,2017-07-16T10:58:28.000Z,4225.0,14.6688095703125,865.7997436523438,652,04:48,121,206.0
226,4,biking,2015-11-26T09:15:05.000Z,8152.0,20.6349296875,1124.800048828125,737,06:35,0.0,0.0
227,4,biking,2017-02-06T15:29:17.000Z,3875.0,15.518759765625,386.19999647140503,450,04:09,126,126.0
228,4,biking,2015-07-27T05:50:29.000Z,2317.0,0.1560899963378906,2.1999969482421875,183,07:24,0.0,0.0
229,4,biking,2016-04-03T10:01:11.000Z,9836.0,60.127359375,1104.1999787539244,1730,02:43,165,165.0
230,4,biking,2015-05-03T10:43:50.000Z,3048.0,13.555990234375,462.7999267578125,485,03:44,132,132.0
231,4,biking,2017-03-26T07:01:15.000Z,2086.0,0.008960000038146973,9.7999267578125,221,40:12,149,149.0
232,4,biking,2014-12-05T09:16:58.000Z,2812.0,4.6182900390625,442.20001220703125,225,10:08,0.0,0.0
233,4,biking,2016-02-27T08:10:51.000Z,1573.0,7.919669921875,159.40011596679688,184,03:18,123,123.0
234,4,biking,2014-12-27T14:44:52.000Z,1826.0,0.38570001220703126,2.0,158,18:54,113,113.0
235,4,biking,2014-09-27T07:59:36.000Z,1556.0,5.61072998046875,481.60003662109375,252,04:37,110,110.0
236,4,biking,2014-08-22T08:34:16.000Z,3601.0,0.0298700008392334,4.0,295,29:15,116,116.0
237,4,biking,2015-04-10T11:51:40.000Z,4883.0,13.0686796875,541.0000059008598,419,06:13,112,112.0
238,4,biking,2016-07-04T15:12:03.000Z,5217.0,10.8906298828125,493.99951171875,469,07:59,143,143.0
239,4,biking,2016-08-17T13:06:46.000Z,9562.0,26.8285,824.600025177002,881,05:56,123,127.0
240,4,biking,2016-09-17T12:04:23.000Z,9254.0,37.18301171875,825.9999237060547,948,04:08,126,126.0
241,4,biking,2016-08-19T13:11:36.000Z,3594.0,16.716380859375,433.800009727478,567,03:34,0.0,0.0
242,4,biking,2015-03-22T09:49:14.000Z,4183.0,0.5099800109863282,2.79998779296875,369,16:42,107,132.0
243,4,biking,2014-08-08T13:59:49.000Z,3786.0,27.587439453125,346.7998962402344,321,02:17,132,132.0
244,4,biking,2016-07-02T12:59:01.000Z,6003.0,22.375580078125,932.5999145507812,1389,04:28,0.0,0.0
245,4,biking,2016-07-14T08:25:07.000Z,9361.0,34.158,1088.0001831054688,1308,04:34,0.0,0.0
246,4,biking,2014-07-31T20:24:44.000Z,908.0,5.29564013671875,81.80000305175781,93,02:51,0.0,0.0
247,4,biking,2017-03-03T08:31:27.000Z,13456.0,35.64633984375,1981.5999755859375,1637,06:17,132,132.0
248,4,biking,2016-01-17T10:00:09.000Z,14223.0,35.96469140625,1575.400032043457,1114,06:35,0.0,0.0
249,4,biking,2016-02-13T10:11:53.000Z,7820.0,20.110029296875,855.999755859375,731,06:28,113,113.0
250,4,biking,2017-08-27T10:14:06.000Z,5717.0,24.13873046875,978.1998901367188,846,03:56,175,175.0
251,4,biking,2016-06-14T07:22:26.000Z,7376.0,29.31891015625,941.7996826171875,1068,04:11,98,119.0
252,4,biking,2015-04-29T15:09:53.000Z,6436.0,22.074259765625,842.800048828125,554,04:51,102,110.0
253,4,biking,2015-04-18T07:59:53.000Z,7934.0,43.0041796875,679.4000089019537,858,03:04,148,148.0
254,4,biking,2014-12-20T14:39:52.000Z,1974.0,0.24674000549316405,0.0,156,13:20,0.0,0.0
255,4,biking,2016-07-11T09:20:22.000Z,4252.0,9.395990234375,532.4002075195312,441,07:32,0.0,0.0
256,4,biking,2015-06-24T08:31:12.000Z,9415.0,31.483189453125,1004.800048828125,722,04:59,0.0,0.0
257,4,biking,2016-04-28T09:02:52.000Z,3937.0,0.2817799987792969,54.40045166015625,574,52:51,104,123.0
258,4,biking,2016-06-27T08:51:05.000Z,6351.0,21.762630859375,1048.9998168945312,952,04:51,110,122.0
259,4,biking,2015-04-14T08:57:54.000Z,3328.0,21.2607890625,426.3999938964844,282,02:36,111,111.0
260,4,biking,2017-09-09T01:59:02.000Z,5597.0,26.17483984375,822.6000137329102,869,03:33,137,137.0
261,4,biking,2016-01-22T11:39:20.000Z,3895.0,20.110779296875,334.8000316619873,401,03:13,0.0,0.0
262,4,biking,2016-04-07T10:28:00.000Z,6312.0,18.080310546875,751.4003295898438,964,05:49,89,116.0
263,4,biking,2016-09-08T07:42:38.000Z,8889.0,36.1856484375,1358.2001037597656,1008,04:05,0.0,0.0
264,4,biking,2017-02-11T09:09:17.000Z,10734.0,48.0706015625,1302.6000289916992,1435,03:43,116,128.0
265,4,biking,2014-09-02T07:52:03.000Z,6646.0,21.058150390625,811.2000274658203,604,05:15,72,120.0
266,4,biking,2014-08-21T09:26:14.000Z,1296.0,4.63475,197.7998046875,163,04:39,160,160.0
267,4,biking,2015-04-30T13:17:16.000Z,8539.0,37.54576953125,1328.9999389648438,773,03:47,101,132.0
268,4,biking,2015-12-16T10:34:35.000Z,2948.0,5.57747998046875,165.19976806640625,285,08:48,0.0,0.0
269,4,biking,2017-10-11T07:35:11.000Z,9366.0,31.49498046875,1543.4000244140625,1503,04:57,111,111.0
270,4,biking,2014-08-05T17:00:51.000Z,3728.0,27.370720703125,170.80007934570312,308,02:16,0.0,0.0
271,4,biking,2015-07-28T21:35:18.000Z,2412.0,13.4215302734375,207.8000030517578,152,02:59,0.0,0.0
272,4,biking,2016-03-01T09:02:41.000Z,7232.0,25.217140625,242.5999984741211,341,04:46,124,124.0
273,4,biking,2015-04-24T13:43:50.000Z,3567.0,11.727599609375,265.5999755859375,203,05:04,119,119.0
274,4,biking,2015-03-25T10:10:00.000Z,901.0,0.06716000366210938,0.0,105,43:35,119,119.0
275,4,biking,2015-11-20T10:25:56.000Z,9613.0,33.66773046875,1061.2000122070312,779,04:45,0.0,0.0
276,4,biking,2017-01-29T11:21:43.000Z,10728.0,45.43676171875,1266.6000623703003,1339,03:56,117,222.0
277,4,biking,2017-03-06T09:40:36.000Z,7099.0,31.341419921875,1000.6001129150391,902,03:46,109,126.0
278,4,biking,2014-10-14T01:30:51.000Z,10359.0,63.2046796875,975.5999921858311,1271,02:43,0.0,0.0
279,4,biking,2016-07-18T12:43:22.000Z,7819.0,22.129490234375,775.0003356933594,728,05:53,108,153.0
280,4,biking,2017-02-06T09:58:12.000Z,11284.0,46.41776953125,1134.0000435113907,1257,04:03,125,125.0
281,4,biking,2015-08-22T07:54:57.000Z,5716.0,18.10225,373.400146484375,364,05:15,0.0,0.0
282,4,biking,2016-07-29T16:21:16.000Z,2160.0,9.938,315.60009765625,283,03:37,106,106.0
283,4,biking,2017-09-07T23:36:41.000Z,5197.0,23.70173046875,288.80000019073486,388,03:39,112,144.0
284,4,biking,2016-04-19T01:07:30.000Z,1014.0,7.296330078125,49.39999961853027,133,02:18,0.0,0.0
285,4,biking,2017-04-19T08:34:39.000Z,7463.0,32.993078125,1270.7999877929688,658,03:46,116,137.0
286,4,biking,2016-06-24T14:00:20.000Z,3725.0,14.4752998046875,488.200439453125,480,04:17,105,105.0
287,4,biking,2016-05-27T09:57:56.000Z,5418.0,29.303060546875,565.0001831054688,521,03:04,0.0,0.0
288,4,biking,2017-02-21T13:11:16.000Z,6708.0,24.9669296875,904.0001525878906,865,04:28,104,127.0
289,4,biking,2015-05-29T08:17:09.000Z,3255.0,19.00083984375,309.60003662109375,245,02:51,0.0,0.0
290,4,biking,2015-11-30T08:38:38.000Z,11410.0,32.6521796875,1502.3999938964844,899,05:49,0.0,0.0
291,4,biking,2017-07-01T08:51:14.000Z,5409.0,17.19191015625,699.2001953125,473,05:14,164,164.0
292,4,biking,2014-07-09T15:36:06.000Z,3472.0,14.0234501953125,491.199951171875,263,04:07,116,116.0
293,4,biking,2015-06-23T14:56:07.000Z,4585.0,0.46879000854492187,2.0,180,43:00,0.0,0.0
294,4,biking,2017-08-14T09:29:17.000Z,11002.0,42.21251953125,1729.599853515625,833,04:20,111,111.0
295,4,biking,2014-10-12T02:51:58.000Z,3210.0,22.731080078125,65.79999828338623,256,02:21,113,113.0
296,4,biking,2014-09-13T12:53:15.000Z,8157.0,24.0786796875,1278.1999816894531,683,05:38,0.0,0.0
297,4,biking,2016-04-02T09:59:06.000Z,4979.0,21.41,806.3999967575073,1000,03:52,155,155.0
298,4,biking,2016-04-24T01:06:41.000Z,513.0,0.0029800000190734863,5.400012969970703,68,49:07,137,137.0
299,4,biking,2014-07-11T08:49:00.000Z,3901.0,18.00291015625,892.599853515625,301,03:36,167,167.0
300,4,biking,2015-04-08T07:38:46.000Z,9634.0,32.34758984375,1682.0003356933594,966,04:57,97,113.0
301,4,biking,2015-02-08T09:53:27.000Z,15567.0,33.93962109375,1430.0000228881836,993,07:38,116,116.0
302,4,biking,2015-09-05T09:41:17.000Z,2.0,0.0014900000095367431,0.0,0,22:22,0.0,0.0
303,4,biking,2017-05-20T11:14:09.000Z,5590.0,21.162060546875,1015.0,833,04:24,123,123.0
304,4,biking,2014-07-25T08:25:24.000Z,5195.0,23.5830703125,950.7999267578125,525,03:40,98,108.0
305,4,biking,2017-04-16T08:32:22.000Z,6229.0,31.4309296875,951.3999328613281,562,03:18,103,160.0
306,4,biking,2015-05-18T08:07:57.000Z,9997.0,31.960259765625,1429.7998657226562,668,05:12,0.0,0.0
307,4,biking,2017-07-21T08:36:09.000Z,6275.0,24.272080078125,1043.6000366210938,496,04:18,109,109.0
308,4,biking,2016-06-22T07:54:58.000Z,8581.0,22.771490234375,1317.1998291015625,1202,06:16,102,111.0
309,4,biking,2014-06-29T08:21:41.000Z,15072.0,49.48312890625,1916.5999450683594,1084,05:04,0.0,0.0
310,4,biking,2015-06-20T11:29:18.000Z,6080.0,20.4014609375,1127.3998107910156,940,04:58,0.0,0.0
311,4,biking,2015-07-26T09:01:10.000Z,2252.0,4.22775,157.99993896484375,193,08:52,0.0,0.0
312,4,biking,2017-07-19T13:57:54.000Z,6518.0,23.1319609375,1145.5999755859375,647,04:41,106,124.0
313,4,biking,2016-07-02T11:39:13.000Z,3579.0,6.43810009765625,117.000244140625,332,09:15,152,152.0
314,4,biking,2014-07-05T06:29:51.000Z,313.0,1.036969970703125,18.0,21,05:01,104,104.0
315,4,biking,2016-07-23T08:51:46.000Z,5827.0,19.133599609375,1058.8001098632812,933,05:04,102,108.0
316,4,biking,2016-07-25T08:53:15.000Z,3714.0,19.352919921875,447.5999450683594,387,03:11,0.0,0.0
317,4,biking,2017-09-05T00:25:03.000Z,4799.0,20.15251953125,442.4000015258789,433,03:58,105,148.0
318,4,biking,2016-10-28T08:25:26.000Z,9276.0,30.921720703125,694.1997985839844,820,04:59,0.0,0.0
319,4,biking,2017-07-03T08:37:59.000Z,8049.0,23.890939453125,1126.2001953125,625,05:36,140,140.0
320,4,biking,2016-04-24T00:30:30.000Z,2148.0,0.013,26.400009155273438,210,53:50,125,125.0
321,4,biking,2014-07-08T08:19:23.000Z,5428.0,25.253349609375,827.9998779296875,489,03:34,99,104.0
322,4,biking,2017-04-25T07:40:15.000Z,10781.0,67.8752421875,764.4001159667969,809,02:38,159,159.0
323,4,biking,2015-10-10T15:57:00.000Z,1371.0,5.2757900390625,163.3999900817871,166,04:19,0.0,0.0
324,4,biking,2016-04-12T07:30:05.000Z,12368.0,50.865078125,1903.6000061035156,1804,04:03,120,120.0
325,4,biking,2014-12-27T09:03:26.000Z,8069.0,14.1519296875,849.5999145507812,630,09:30,0.0,0.0
326,4,biking,2016-03-03T07:59:22.000Z,13324.0,55.99137109375,1556.2000098228455,1775,03:57,121,121.0
327,4,biking,2016-05-26T11:21:16.000Z,12165.0,31.863630859375,918.4005737304688,1071,06:21,0.0,117.0
328,4,biking,2016-07-28T11:51:03.000Z,6560.0,18.583380859375,576.399658203125,894,05:53,0.0,134.0
329,4,biking,2016-06-17T08:26:44.000Z,3588.0,21.076529296875,408.5998229980469,419,02:50,0.0,0.0
330,4,biking,2016-10-03T08:25:39.000Z,8727.0,60.68396875,1055.2001953125,1199,02:23,0.0,0.0
331,4,biking,2017-10-05T08:48:15.000Z,7144.0,43.24280859375,1039.6000061035156,589,02:45,137,137.0
332,4,biking,2014-07-24T09:10:58.000Z,3560.0,16.5090390625,562.9999389648438,262,03:35,113,113.0
333,4,biking,2015-12-09T14:00:44.000Z,5487.0,11.6218603515625,765.4000244140625,506,07:52,0.0,0.0
334,4,biking,2015-06-23T07:25:38.000Z,5647.0,17.239,217.99993896484375,536,05:27,0.0,0.0
335,4,biking,2015-10-09T16:15:02.000Z,5301.0,13.5021796875,434.8000144958496,443,06:32,0.0,0.0
336,4,biking,2016-06-30T09:55:54.000Z,3953.0,23.1957890625,447.6002197265625,420,02:50,0.0,0.0
337,4,biking,2015-07-03T09:08:11.000Z,3623.0,18.819359375,309.0001220703125,247,03:12,0.0,0.0
338,4,biking,2015-01-21T08:25:24.000Z,3493.0,9.6351396484375,329.99993896484375,389,06:02,0.0,0.0
339,4,biking,2015-03-26T09:28:29.000Z,4619.0,0.4221600036621094,2.0,448,02:21,96,111.0
340,4,biking,2017-04-20T12:23:22.000Z,8526.0,32.444119140625,974.39990234375,649,04:22,129,129.0
341,4,biking,2017-05-06T14:10:39.000Z,64317.0,7.492009765625,338.79998779296875,189,23:04,112,112.0
342,4,biking,2015-07-01T08:58:36.000Z,9784.0,26.97023046875,959.800537109375,669,06:02,0.0,0.0
343,4,biking,2016-02-09T13:42:33.000Z,7216.0,25.786390625,791.1999816894531,864,04:39,103,125.0
344,4,biking,2015-07-11T08:30:13.000Z,4217.0,12.6386904296875,592.800048828125,353,05:33,110,110.0
345,4,biking,2016-04-19T06:48:35.000Z,3048.0,18.1427890625,202.79999589920044,389,02:48,0.0,0.0
346,4,biking,2016-08-05T14:30:32.000Z,2365.0,14.33466015625,222.9999542236328,311,02:44,147,147.0
347,4,biking,2016-04-04T07:24:57.000Z,11428.0,75.3753671875,1270.5998840332031,1146,02:31,0.0,0.0
348,4,biking,2016-06-13T09:09:27.000Z,9172.0,35.36430859375,1292.0006103515625,1203,04:19,95,111.0
349,4,biking,2014-09-02T07:19:55.000Z,1921.0,4.895240234375,194.59999084472656,168,06:32,89,104.0
350,4,biking,2015-07-05T08:13:14.000Z,2326.0,8.03722998046875,80.4000244140625,180,04:49,0.0,0.0
351,4,biking,2017-09-05T02:13:39.000Z,4407.0,16.9882890625,340.60001170635223,329,04:19,111,140.0
352,4,biking,2017-02-20T09:51:13.000Z,6529.0,20.273080078125,1171.3999328613281,883,05:22,109,122.0
353,4,biking,2015-12-15T08:46:51.000Z,11003.0,58.9797890625,1414.9999084472656,953,03:06,118,128.0
354,4,biking,2015-03-09T08:52:25.000Z,11240.0,75.25553125,1305.0001068115234,919,02:29,107,107.0
355,4,biking,2015-03-05T13:55:07.000Z,7219.0,22.280439453125,855.5998840332031,539,05:24,0.0,0.0
356,4,biking,2016-02-17T09:36:16.000Z,4318.0,4.7459599609375,332.0,687,15:09,0.0,0.0
357,4,biking,2015-12-28T09:51:20.000Z,13944.0,43.579140625,1803.6000366210938,1001,05:19,0.0,0.0
358,4,biking,2016-05-28T07:44:53.000Z,5904.0,23.937310546875,649.199951171875,751,04:06,0.0,118.0
359,4,biking,2015-07-25T08:40:48.000Z,3528.0,22.27416015625,314.0,297,02:38,0.0,0.0
360,4,biking,2015-06-04T07:25:24.000Z,610942.0,21.037,1222.400146484375,694,04:01,0.0,0.0
361,4,biking,2015-08-15T08:34:55.000Z,7258.0,20.425439453125,1082.0000610351562,611,05:55,101,116.0
362,4,biking,2016-09-13T08:07:29.000Z,8132.0,26.0758203125,1304.7998046875,1156,05:11,0.0,0.0
363,4,biking,2015-07-06T09:13:19.000Z,5118.0,16.1931298828125,656.2000427246094,373,05:16,0.0,0.0
364,4,biking,2015-08-20T08:46:07.000Z,9559.0,28.3034296875,976.7999877929688,811,05:37,100,168.0
365,4,biking,2014-09-18T07:57:22.000Z,8563.0,61.1808515625,1280.0000267028809,765,02:19,0.0,0.0
366,4,biking,2016-03-22T09:01:27.000Z,7238.0,24.695330078125,1306.2001953125,1081,04:53,100,137.0
367,4,biking,2016-10-01T11:58:54.000Z,1608.0,4.43831982421875,533.1999816894531,421,06:02,112,112.0
368,4,biking,2016-05-12T11:48:09.000Z,6195.0,20.744279296875,369.60015869140625,735,04:58,0.0,0.0
369,4,biking,2014-09-17T09:59:33.000Z,6731.0,49.89519140625,901.7999839782715,625,02:14,0.0,0.0
370,4,biking,2017-03-11T15:23:04.000Z,3582.0,12.076330078125,485.6000213623047,461,04:56,118,118.0
371,4,biking,2015-01-28T11:00:09.000Z,13065.0,38.8172890625,1650.9999084472656,1021,05:36,116,116.0
372,4,biking,2017-07-02T09:19:26.000Z,2117.0,0.05356999969482422,2.4000244140625,222,58:38,0.0,0.0
373,4,biking,2016-04-22T01:29:02.000Z,4385.0,21.29198046875,131.00000047683716,336,03:25,0.0,0.0
374,4,biking,2017-07-14T13:27:35.000Z,14089.0,58.26137890625,1636.1997680664062,1051,04:01,114,135.0
375,4,biking,2017-06-04T10:23:55.000Z,1469.0,9.4696201171875,207.39996337890625,157,02:35,114,114.0
376,4,biking,2017-07-20T11:33:48.000Z,11873.0,42.33301171875,1685.7999572753906,858,04:40,108,108.0
377,4,biking,2015-02-17T09:28:02.000Z,8617.0,28.278640625,1320.000015258789,1276,05:04,91,142.0
378,4,biking,2015-04-06T07:16:01.000Z,1736.0,4.47672021484375,146.80000400543213,115,06:27,110,110.0
379,4,biking,2017-02-22T08:13:53.000Z,12599.0,36.73646875,1964.7999877929688,1694,05:42,108,108.0
380,4,biking,2016-07-10T11:27:07.000Z,1368.0,7.5891201171875,119.2000732421875,167,03:00,0.0,0.0
381,4,biking,2017-04-01T09:03:00.000Z,2199.0,0.05313999938964844,0.0,203,29:41,0.0,0.0
382,4,biking,2017-08-02T15:37:43.000Z,8563.0,23.18566015625,1031.0000915527344,638,06:09,110,111.0
383,4,biking,2017-04-09T09:22:10.000Z,2235.0,0.07444999694824218,4.4000091552734375,231,20:20,164,164.0
384,4,biking,2015-12-10T08:49:00.000Z,10578.0,53.21855078125,1364.7999877929688,927,03:18,121,121.0
385,4,biking,2014-08-23T08:18:15.000Z,6154.0,11.9726298828125,523.600341796875,465,08:34,112,112.0
386,4,biking,2015-11-02T12:43:57.000Z,7244.0,15.408759765625,909.3999862670898,591,07:50,0.0,0.0
387,4,biking,2015-01-02T09:13:24.000Z,12020.0,22.262630859375,1060.5999908447266,717,08:59,0.0,0.0
388,4,biking,2017-05-27T07:44:25.000Z,4128.0,19.146580078125,431.00006103515625,357,03:35,122,122.0
389,4,biking,2016-08-03T14:22:06.000Z,8114.0,24.813849609375,956.8000793457031,959,05:26,126,126.0
390,4,biking,2015-07-09T11:40:31.000Z,9912.0,24.632650390625,1000.0000915527344,631,06:42,97,142.0
391,4,biking,2014-10-13T03:01:51.000Z,362.0,2.51575,15.00000011920929,58,02:23,128,128.0
392,4,biking,2015-01-14T09:33:35.000Z,3541.0,9.5272998046875,316.7999267578125,321,06:11,0.0,0.0
393,4,biking,2016-02-20T08:57:41.000Z,13104.0,59.35728125,1271.8000717163086,1616,03:40,117,117.0
394,4,biking,2014-11-22T09:04:52.000Z,10400.0,34.4252890625,1686.6000671386719,947,05:02,0.0,0.0
395,4,biking,2015-07-19T06:07:26.000Z,6611.0,19.970619140625,1124.5998840332031,610,05:31,97,107.0
396,4,biking,2015-02-01T08:20:11.000Z,12684.0,11.3981904296875,748.7998657226562,720,18:32,0.0,0.0
397,4,biking,2015-06-05T07:50:57.000Z,10642.0,38.337828125,1584.3998260498047,846,04:37,0.0,0.0
398,4,biking,2016-05-16T12:19:04.000Z,7649.0,24.3999296875,1303.5997924804688,1211,05:13,95,112.0
399,4,biking,2016-01-23T09:10:34.000Z,16333.0,94.6518984375,1923.1999872028828,1842,02:52,0.0,0.0
400,4,biking,2014-08-29T13:08:43.000Z,3275.0,21.2555703125,406.9999084472656,291,02:34,0.0,0.0
401,4,biking,2015-08-09T14:10:48.000Z,2705.0,12.5285400390625,107.5999755859375,211,03:35,0.0,0.0
402,4,biking,2017-05-11T14:54:38.000Z,3232.0,14.3903701171875,494.800048828125,268,03:44,0.0,0.0
403,4,biking,2014-07-23T08:17:28.000Z,8252.0,32.52158984375,866.7999572753906,710,04:13,0.0,0.0
404,4,biking,2014-07-12T08:30:35.000Z,9198.0,125.03471875,1528.7996826171875,769,01:13,0.0,94.0
405,4,biking,2015-04-12T10:47:24.000Z,2322.0,8.81948046875,277.80010986328125,215,04:23,102,102.0
406,4,biking,2014-10-18T02:57:53.000Z,1895.0,12.50791015625,142.00000667572021,296,02:31,0.0,0.0
407,4,biking,2016-09-16T09:24:09.000Z,8225.0,38.18901171875,971.2000579833984,1042,03:35,107,124.0
408,4,biking,2014-12-02T15:39:51.000Z,1501.0,0.3975400085449219,0.0,183,02:55,116,116.0
409,4,biking,2015-06-20T10:37:07.000Z,2023.0,5.7727001953125,189.79998779296875,161,05:50,0.0,0.0
410,4,biking,2015-03-28T16:20:17.000Z,4015.0,16.2426103515625,612.7999725341797,404,04:07,124,124.0
411,4,biking,2015-05-02T08:01:44.000Z,1039.0,4.100669921875,331.5999755859375,161,04:13,91,107.0
412,4,biking,2015-05-20T15:17:46.000Z,1388.0,0.535969970703125,0.0,104,43:09,0.0,0.0
413,4,biking,2016-02-13T08:15:56.000Z,5442.0,18.33133984375,649.0000915527344,715,04:56,113,113.0
414,4,biking,2016-06-19T09:03:00.000Z,8986.0,42.48928125,1541.1999816894531,1540,03:31,120,120.0
415,4,biking,2016-06-05T06:40:23.000Z,14141.0,55.96076953125,1720.2001342773438,1531,04:12,0.0,0.0
416,4,biking,2016-02-25T12:43:34.000Z,754.0,3.85206005859375,165.4000244140625,164,03:15,117,117.0
417,4,biking,2016-06-29T07:45:46.000Z,8685.0,23.007080078125,980.199462890625,1165,06:17,0.0,0.0
418,4,biking,2015-12-20T15:33:04.000Z,1826.0,0.21232000732421874,8.00006103515625,161,23:20,0.0,0.0
419,4,biking,2016-01-14T09:33:11.000Z,6670.0,24.285599609375,918.9998779296875,966,04:34,107,110.0
420,4,biking,2015-07-14T08:19:47.000Z,5493.0,21.045859375,1027.7998352050781,596,04:21,107,116.0
421,4,biking,2015-12-05T08:26:54.000Z,10806.0,50.0088515625,1450.4000549316406,921,03:36,0.0,0.0
422,4,biking,2017-05-01T08:08:56.000Z,10048.0,47.687671875,1168.8000793457031,858,03:30,0.0,0.0
423,4,biking,2016-05-11T08:32:37.000Z,6874.0,24.266220703125,1254.3995971679688,1112,04:43,98,111.0
424,4,biking,2017-07-25T08:34:58.000Z,7276.0,26.99644921875,1018.3999633789062,719,04:29,114,123.0
425,4,biking,2017-06-14T08:10:06.000Z,8388.0,30.75783984375,1524.199951171875,822,04:32,118,123.0
426,4,biking,2015-03-25T10:34:46.000Z,4758.0,14.997759765625,685.0,541,05:17,98,107.0
427,4,biking,2017-10-07T12:00:17.000Z,1630.0,4.32793994140625,542.800048828125,261,06:16,110,110.0
428,4,biking,2015-05-30T06:51:08.000Z,5480.0,14.73841015625,343.40008544921875,363,06:11,0.0,0.0
429,4,biking,2017-08-20T11:35:55.000Z,11541.0,53.14319921875,1743.800048828125,973,03:37,126,126.0
430,4,biking,2017-06-20T07:42:11.000Z,7409.0,47.6182890625,843.9998779296875,456,02:35,114,114.0
431,4,biking,2015-05-20T10:03:50.000Z,5081.0,9.710849609375,105.0,368,08:43,0.0,0.0
432,4,biking,2015-08-02T17:20:52.000Z,2856.0,16.40566015625,256.20001220703125,257,02:54,118,118.0
433,4,biking,2017-02-13T16:34:28.000Z,7703.0,32.11355078125,839.8000071048737,894,03:59,123,123.0
434,4,biking,2014-07-22T07:36:03.000Z,10888.0,41.47951171875,1732.9998474121094,909,04:22,0.0,0.0
435,4,biking,2015-07-20T08:34:22.000Z,5603.0,24.2451796875,692.9999694824219,502,03:51,101,119.0
436,4,biking,2015-01-08T09:03:12.000Z,14154.0,119.5440390625,898.9999697208405,1187,01:58,148,148.0
437,4,biking,2017-04-01T10:00:10.000Z,4963.0,19.526380859375,869.9999961555004,778,04:14,123,133.0
438,4,biking,2016-04-28T14:07:54.000Z,4006.0,12.7465595703125,602.1999206542969,601,05:14,0.0,0.0
439,4,biking,2015-01-17T08:50:05.000Z,5485.0,17.79530078125,838.4000244140625,604,05:08,98,109.0
440,4,biking,2017-06-25T07:55:52.000Z,10734.0,73.5541015625,1350.4001159667969,815,02:25,0.0,0.0
441,4,biking,2015-12-27T10:31:48.000Z,15464.0,33.50276171875,1767.3999662399292,1156,07:41,0.0,0.0
442,4,biking,2016-06-03T08:18:17.000Z,8872.0,27.077970703125,864.399658203125,857,05:27,0.0,0.0
443,4,biking,2015-10-24T08:22:22.000Z,7750.0,20.284669921875,848.9999694824219,567,06:22,0.0,0.0
444,4,biking,2014-08-02T14:10:34.000Z,2826.0,12.301009765625,408.1999969482422,297,03:49,0.0,0.0
445,4,biking,2017-05-26T08:31:57.000Z,4184.0,15.6402001953125,402.60003662109375,314,04:27,134,134.0
446,4,biking,2016-05-10T09:44:28.000Z,4539.0,28.448380859375,612.9999694824219,494,02:39,0.0,0.0
447,4,biking,2016-07-07T07:50:06.000Z,3157.0,11.4283203125,424.400390625,253,04:36,110,110.0
448,4,biking,2017-03-04T09:33:54.000Z,8210.0,28.642080078125,962.2001037597656,920,04:46,107,135.0
449,4,biking,2015-08-08T13:49:31.000Z,3392.0,13.6633701171875,383.8000793457031,290,04:08,0.0,0.0
450,4,biking,2015-12-23T09:38:01.000Z,3706.0,7.32235009765625,392.99993896484375,361,08:26,0.0,0.0
451,4,biking,2016-03-05T12:34:01.000Z,3332.0,13.08873046875,475.9999542236328,448,04:14,111,123.0
452,4,biking,2017-01-29T16:03:24.000Z,7006.0,29.25741015625,705.3999788761139,736,03:59,128,128.0
453,4,other,2014-12-10T08:54:23.000Z,10775.0,12.5015,770.0,504,14:21,0.0,0.0
454,4,biking,2017-05-14T08:39:47.000Z,5514.0,22.538580078125,896.60009765625,602,04:04,110,143.0
455,4,biking,2015-12-11T10:08:26.000Z,3854.0,6.2205,446.19989013671875,368,10:19,0.0,0.0
456,4,biking,2014-08-07T14:19:10.000Z,7517.0,34.636109375,1073.6000671386719,692,03:37,118,124.0
457,4,biking,2015-12-19T08:23:03.000Z,8611.0,50.0365703125,942.0000305175781,761,02:52,117,117.0
458,4,biking,2017-02-13T10:03:53.000Z,9223.0,39.31383984375,1022.2000194340944,1148,03:54,118,118.0
459,4,biking,2017-02-03T15:31:45.000Z,6774.0,28.8005,484.9999866783619,621,03:55,132,132.0
460,4,biking,2017-09-03T03:13:11.000Z,12927.0,55.07976171875,1094.6000221967697,918,03:54,115,156.0
461,4,biking,2015-11-29T07:37:19.000Z,9012.0,33.67346875,503.79931640625,842,04:27,0.0,0.0
462,4,biking,2017-03-07T09:35:21.000Z,3492.0,18.245,500.7999267578125,441,03:11,122,122.0
463,4,biking,2017-02-02T14:21:40.000Z,11870.0,55.93362890625,1600.600018620491,1361,03:32,0.0,0.0
464,4,biking,2015-08-27T10:48:38.000Z,10415.0,38.61901171875,1258.4000091552734,933,04:29,102,125.0
465,4,biking,2017-05-08T07:16:48.000Z,11796.0,60.41578125,1631.3996276855469,831,03:15,127,127.0
466,4,biking,2015-02-14T09:03:23.000Z,13286.0,38.92648828125,741.1999664306641,1777,05:41,113,113.0
467,4,biking,2017-06-04T07:16:37.000Z,7154.0,51.511578125,692.8000335693359,691,02:18,129,129.0
468,4,biking,2016-06-12T07:22:46.000Z,11889.0,70.3353125,825.8000717163086,1656,02:49,134,134.0
469,4,biking,2014-12-23T08:32:53.000Z,14773.0,102.199640625,1486.9999237060547,1230,02:24,120,120.0
470,4,biking,2014-08-09T16:36:00.000Z,3729.0,16.816279296875,472.9999694824219,367,03:41,0.0,0.0
471,4,biking,2014-09-10T14:17:33.000Z,6268.0,33.47562890625,836.39990234375,499,03:07,120,120.0
472,4,biking,2014-08-20T05:26:14.000Z,151.0,0.009529999732971191,0.0,0,24:04,0.0,0.0
473,4,biking,2015-12-22T08:46:15.000Z,11587.0,62.823890625,1332.4002380371094,1694,03:04,115,115.0
474,4,biking,2017-05-17T13:56:13.000Z,7617.0,24.548220703125,956.599853515625,660,05:10,197,197.0
475,4,biking,2015-05-10T10:36:50.000Z,1204.0,0.005,2.20001220703125,99,53:20,0.0,0.0
476,4,biking,2016-05-15T08:24:31.000Z,5426.0,17.756380859375,784.8002319335938,869,05:05,108,113.0
477,4,biking,2017-04-29T10:41:03.000Z,5589.0,22.080369140625,801.7998046875,781,04:13,117,129.0
478,4,biking,2016-05-02T13:54:41.000Z,6477.0,7.090009765625,439.9998779296875,465,15:13,77,113.0
479,4,biking,2016-02-17T13:53:54.000Z,3647.0,0.3170499877929687,15.39984130859375,609,11:42,0.0,0.0
480,4,biking,2017-03-20T11:01:32.000Z,9249.0,26.280599609375,1176.0,1148,05:51,108,136.0
481,4,biking,2017-03-12T10:17:46.000Z,4235.0,18.095669921875,865.2000045776367,873,03:54,134,134.0
482,4,biking,2014-07-26T08:01:09.000Z,9926.0,42.8619296875,1842.2002563476562,1178,03:51,167,167.0
483,4,biking,2016-06-28T15:57:53.000Z,7063.0,20.214140625,569.4000244140625,679,05:49,0.0,0.0
484,4,biking,2015-12-14T09:30:18.000Z,6882.0,1.56606005859375,83.0,654,13:14,103,125.0
485,4,biking,2014-11-25T08:39:28.000Z,6777.0,16.896359375,799.4000396728516,617,06:41,0.0,0.0
486,4,biking,2015-08-24T15:35:48.000Z,1810.0,0.3068299865722656,2.20001220703125,156,38:19,0.0,0.0
487,4,biking,2016-04-17T05:42:16.000Z,5929.0,30.3097890625,365.9999977350235,637,03:15,116,116.0
488,4,other,2014-12-06T07:53:47.000Z,11334.0,18.69119921875,1049.2003173828125,803,10:06,0.0,0.0
489,4,biking,2017-09-18T06:49:42.000Z,5880.0,33.26801171875,264.20001220703125,610,02:56,124,124.0
490,4,biking,2015-03-29T09:42:40.000Z,940.0,5.39931005859375,34.0,85,02:54,98,98.0
491,4,biking,2017-03-15T13:40:41.000Z,5809.0,21.542720703125,826.4002685546875,740,04:29,126,126.0
492,4,biking,2016-03-21T10:10:02.000Z,3601.0,12.82123046875,593.4001159667969,492,04:40,120,120.0
493,4,biking,2014-12-01T11:05:29.000Z,1877.0,0.372,4.79998779296875,201,24:05,116,116.0
494,4,biking,2017-08-09T08:23:24.000Z,3551.0,18.087400390625,423.39996337890625,250,03:16,0.0,0.0
495,4,biking,2015-08-26T08:22:44.000Z,7639.0,25.235140625,1276.9998474121094,699,05:02,108,116.0
496,4,biking,2017-06-08T12:10:46.000Z,7091.0,27.925779296875,819.9999542236328,592,04:13,106,124.0
497,4,biking,2014-10-16T01:35:40.000Z,9040.0,38.80451953125,881.3999895751476,1122,03:52,0.0,0.0
498,4,biking,2016-09-23T15:18:04.000Z,797.0,3.239030029296875,40.80000066757202,50,04:06,109,109.0
499,4,biking,2015-01-31T09:30:02.000Z,9223.0,26.424919921875,844.39990234375,801,05:49,98,167.0
500,4,biking,2014-08-24T09:57:22.000Z,1824.0,0.07308999633789062,2.39990234375,182,55:55,160,160.0
501,4,biking,2017-07-06T12:03:47.000Z,6438.0,21.53316015625,783.4005126953125,620,04:58,116,125.0
502,4,biking,2017-09-27T08:38:03.000Z,4006.0,18.1570703125,739.7999877929688,460,03:40,98,118.0
503,4,biking,2017-07-02T10:14:02.000Z,5515.0,21.077490234375,1064.4000244140625,817,04:21,131,131.0
504,4,biking,2016-01-04T09:40:28.000Z,6028.0,6.8632099609375,248.7999267578125,639,14:38,0.0,0.0
505,4,biking,2016-08-13T13:02:28.000Z,2950.0,16.8884609375,263.400146484375,366,02:54,148,148.0
506,4,biking,2016-07-10T08:14:36.000Z,3471.0,0.020420000076293944,18.1990966796875,325,13:00,146,146.0
507,4,biking,2015-03-18T08:44:01.000Z,11910.0,36.441359375,1729.60009765625,1159,05:26,80,128.0
508,4,biking,2014-07-14T08:04:23.000Z,1810.0,5.88427978515625,234.4000244140625,146,05:07,89,89.0
509,4,biking,2017-05-31T09:38:37.000Z,3794.0,20.2074609375,461.0000915527344,252,03:07,108,108.0
510,4,biking,2017-06-15T08:26:07.000Z,14262.0,47.088,2140.8002319335938,1027,05:02,112,112.0
511,4,biking,2014-12-01T10:13:31.000Z,2987.0,0.6411199951171875,6.4000244140625,298,17:39,77,117.0
512,4,biking,2017-05-04T08:32:53.000Z,6835.0,21.59280078125,576.5999145507812,544,05:16,105,126.0
513,4,biking,2015-05-03T11:40:04.000Z,1882.0,8.19876953125,78.19998168945312,137,03:49,99,99.0
514,4,biking,2016-03-30T07:09:30.000Z,12256.0,43.10930859375,1813.3999633789062,1599,04:44,110,110.0
515,4,biking,2016-04-30T12:15:35.000Z,5975.0,24.4741796875,957.9999694824219,1250,04:04,0.0,0.0
516,4,biking,2016-04-02T08:58:27.000Z,2620.0,15.5114697265625,256.60000859200954,331,02:48,132,132.0
517,4,biking,2017-05-12T11:57:39.000Z,6542.0,28.43219921875,1168.2000732421875,636,03:50,103,128.0
518,4,biking,2016-02-26T08:13:41.000Z,1392.0,7.19210986328125,145.199951171875,157,03:13,129,129.0
519,4,biking,2014-12-29T08:48:31.000Z,2723.0,7.33147998046875,215.60009765625,304,06:11,0.0,0.0
520,4,biking,2016-03-06T08:43:22.000Z,6238.0,33.01780859375,1127.3999786376953,1225,03:08,133,133.0
521,4,biking,2017-07-28T08:10:38.000Z,3703.0,15.544669921875,327.8000030517578,258,03:58,117,117.0
522,4,biking,2016-07-17T11:00:05.000Z,7979.0,29.68233984375,1195.0001831054688,1099,04:28,106,115.0
523,4,biking,2015-06-26T14:33:52.000Z,2472.0,13.22801953125,433.99993896484375,241,03:06,0.0,0.0
524,4,biking,2016-04-10T09:42:49.000Z,3144.0,16.906939453125,197.5999755859375,354,03:05,161,161.0
525,4,biking,2015-11-24T09:10:37.000Z,9191.0,9.277580078125,353.800048828125,846,16:30,0.0,0.0
526,4,biking,2014-07-09T08:31:17.000Z,7941.0,34.62376171875,1366.2000732421875,698,03:49,101,116.0
527,4,biking,2017-10-24T09:00:37.000Z,6090.0,19.96683984375,1033.5999755859375,652,05:05,0.0,0.0
528,4,other,2014-12-02T08:04:29.000Z,12221.0,16.43494921875,1443.7999877929688,873,12:23,0.0,0.0
529,4,biking,2017-04-14T07:59:12.000Z,8879.0,33.85048828125,1530.7999877929688,769,04:22,96,125.0
530,4,biking,2015-08-25T08:38:11.000Z,8284.0,56.79905859375,993.6001281738281,690,02:25,0.0,0.0
531,4,biking,2015-05-18T08:03:18.000Z,142.0,0.3798500061035156,19.800048828125,10,06:13,0.0,0.0
532,4,biking,2017-07-29T09:00:13.000Z,3238.0,16.3140703125,493.4000244140625,292,03:18,188,188.0
533,4,biking,2016-08-04T17:28:13.000Z,8613.0,27.992169921875,1042.7998352050781,1098,05:07,108,126.0
534,4,biking,2014-09-14T08:00:12.000Z,10440.0,42.04269921875,1581.4001159667969,863,04:08,138,138.0
535,4,biking,2015-06-06T15:41:29.000Z,3420.0,7.36452001953125,337.79998779296875,199,07:44,0.0,0.0
536,4,biking,2016-07-27T07:46:49.000Z,4047.0,15.667169921875,593.7998046875,557,04:18,110,110.0
537,4,biking,2015-08-18T10:32:03.000Z,7979.0,25.49098046875,767.0000305175781,605,05:13,102,120.0
538,4,biking,2017-03-27T09:05:24.000Z,5362.0,34.00630859375,649.1998596191406,799,02:37,119,119.0
539,4,biking,2015-04-21T08:28:04.000Z,7611.0,33.55473046875,1020.9998321533203,623,03:46,95,124.0
540,4,biking,2014-09-28T09:18:55.000Z,2316.0,9.1811103515625,657.8000183105469,367,04:12,108,108.0
541,4,biking,2016-03-02T08:07:44.000Z,9396.0,35.6815390625,1224.6000366210938,1162,04:23,102,116.0
542,4,biking,2015-07-23T14:15:32.000Z,2196.0,9.5115,83.39999389648438,130,03:50,0.0,0.0
543,4,biking,2017-04-05T08:36:49.000Z,5311.0,19.636220703125,826.1998901367188,459,04:30,127,127.0
544,4,biking,2015-08-14T10:16:04.000Z,6255.0,41.00019140625,890.2000732421875,629,02:32,0.0,0.0
545,4,biking,2016-04-18T00:37:52.000Z,5400.0,28.455369140625,380.20003893971443,635,03:09,128,128.0
546,4,biking,2014-08-20T14:31:29.000Z,2532.0,5.82202001953125,252.6002197265625,209,07:14,110,110.0
547,4,biking,2015-06-17T08:57:57.000Z,7181.0,22.36326953125,1356.1999206542969,815,05:21,0.0,0.0
548,4,biking,2016-03-23T09:06:38.000Z,8477.0,30.1144296875,1092.9998779296875,1304,04:41,109,123.0
549,4,biking,2016-03-25T07:52:51.000Z,13326.0,47.55780859375,2115.9996337890625,1854,04:40,109,223.0
550,4,biking,2017-06-17T08:46:13.000Z,5291.0,17.34973046875,782.60009765625,464,05:04,0.0,0.0
551,4,biking,2015-03-13T12:26:53.000Z,9474.0,30.744859375,924.6000213623047,711,05:08,104,120.0
552,4,biking,2017-04-17T12:30:55.000Z,1343.0,7.46789013671875,31.799999237060547,103,02:59,98,98.0
553,4,biking,2017-01-28T14:02:06.000Z,9486.0,30.9624296875,1067.799980521202,871,05:06,131,131.0
554,4,biking,2014-07-27T06:37:21.000Z,3422.0,13.899740234375,428.39996337890625,284,04:06,0.0,0.0
555,4,biking,2015-05-28T08:03:19.000Z,7601.0,31.2139609375,859.8001098632812,620,04:03,0.0,191.0
556,4,biking,2017-08-05T13:59:38.000Z,2701.0,8.9678701171875,431.8000183105469,295,05:01,129,129.0
557,4,biking,2016-04-21T06:41:50.000Z,947.0,7.12810986328125,33.20000171661377,110,02:12,108,108.0
558,4,biking,2015-08-30T05:59:52.000Z,7229.0,34.67094140625,862.7999267578125,773,03:28,0.0,0.0
559,4,biking,2015-09-01T09:33:08.000Z,7257.0,42.9093203125,740.60009765625,564,02:49,0.0,89.0
560,4,biking,2017-05-02T07:47:31.000Z,6319.0,31.507400390625,763.3999786376953,574,03:20,113,119.0
561,4,biking,2015-04-28T08:34:24.000Z,3481.0,21.2469296875,404.19989013671875,259,02:43,107,107.0
562,4,biking,2017-08-22T08:51:55.000Z,5387.0,21.78616015625,905.0001831054688,559,04:07,96,117.0
563,4,biking,2014-06-28T08:18:47.000Z,8170.0,38.22080859375,1507.8001098632812,822,03:33,107,116.0
564,4,biking,2014-08-17T08:07:54.000Z,9770.0,40.87194140625,1258.4000244140625,816,03:59,96,113.0
565,4,biking,2017-07-22T08:07:13.000Z,11189.0,41.8576484375,1740.8001098632812,819,04:27,117,117.0
566,4,biking,2015-04-11T11:37:38.000Z,1830.0,8.7018798828125,147.60000140964985,148,03:30,0.0,109.0
567,4,biking,2017-04-29T12:38:27.000Z,804.0,3.4474599609375,86.0,62,03:53,106,106.0
568,4,biking,2014-12-14T09:49:21.000Z,3781.0,7.64814013671875,278.39990234375,373,08:14,0.0,0.0
569,4,biking,2015-12-11T13:07:11.000Z,3433.0,17.08433984375,499.2000732421875,369,03:20,121,121.0
570,4,biking,2016-07-01T08:33:10.000Z,8405.0,24.233560546875,723.39990234375,863,05:46,103,103.0
571,4,biking,2016-04-18T05:36:10.000Z,4565.0,29.10541015625,152.3999981880188,442,02:36,0.0,0.0
572,4,biking,2015-02-08T05:49:46.000Z,137.0,0.001259999990463257,0.0,1,12:10,0.0,0.0
573,4,biking,2014-08-03T16:08:00.000Z,1910.0,0.017010000228881834,2.0,159,11:26,157,157.0
574,4,biking,2015-04-23T12:51:14.000Z,9059.0,32.335349609375,962.2001037597656,592,04:40,94,110.0
575,4,biking,2017-04-17T09:32:43.000Z,2426.0,16.075900390625,80.4000015258789,220,02:30,177,177.0
576,4,biking,2015-01-07T12:51:37.000Z,9588.0,80.4120703125,593.2000185996294,812,01:59,118,118.0
577,4,biking,2014-11-25T12:15:28.000Z,8151.0,21.6704296875,679.6000061035156,631,06:16,0.0,0.0
578,4,biking,2016-02-19T11:25:53.000Z,6796.0,29.133720703125,766.0001831054688,841,03:53,108,119.0
579,4,biking,2016-02-25T13:03:02.000Z,1267.0,6.45781005859375,125.60003662109375,121,03:16,124,124.0
580,4,biking,2015-03-16T14:13:30.000Z,6171.0,22.2782109375,692.1999816894531,514,04:36,102,109.0
581,4,biking,2017-04-23T11:09:45.000Z,3277.0,16.23425,293.8000183105469,284,03:21,150,150.0
582,4,biking,2015-03-23T08:57:00.000Z,9659.0,33.75171875,1443.6001586914062,881,04:46,90,104.0
583,4,biking,2017-01-31T15:51:15.000Z,8221.0,28.2407109375,714.8000104427338,811,04:51,121,121.0
584,4,biking,2017-09-29T08:30:34.000Z,5191.0,32.0563203125,808.599853515625,468,02:41,0.0,0.0
585,4,biking,2017-09-13T08:57:24.000Z,5595.0,31.256240234375,999.7999572753906,546,02:59,108,139.0
586,4,biking,2017-05-07T08:59:03.000Z,4908.0,15.557490234375,1012.0001220703125,732,05:15,254,254.0
587,4,biking,2017-09-24T08:16:01.000Z,4061.0,22.083109375,754.2000427246094,482,03:03,102,134.0
588,4,biking,2017-03-08T13:23:41.000Z,5530.0,19.71655078125,636.6000366210938,636,04:40,142,142.0
589,4,biking,2017-09-20T15:01:05.000Z,2655.0,14.088990234375,582.0000610351562,335,03:08,104,131.0
590,4,biking,2015-04-11T10:00:33.000Z,5107.0,19.7678203125,888.2000041007996,818,04:18,21,117.0
591,4,biking,2016-01-31T09:21:57.000Z,7052.0,27.486509765625,953.800048828125,1111,04:16,0.0,0.0
592,4,biking,2016-02-27T09:00:24.000Z,8981.0,50.069609375,1548.6000366210938,1653,02:59,148,148.0
593,4,biking,2014-07-13T07:19:06.000Z,1863.0,5.97989013671875,246.0001220703125,189,05:11,96,96.0
594,4,biking,2016-08-06T15:03:11.000Z,1026.0,6.21225,92.39997863769531,153,02:45,0.0,0.0
595,4,biking,2014-07-29T20:25:54.000Z,3413.0,21.329150390625,325.60003662109375,279,02:40,132,132.0
596,4,biking,2017-06-18T10:17:38.000Z,3688.0,9.85608984375,613.6000061035156,290,06:14,127,127.0
597,4,biking,2015-09-12T09:58:50.000Z,3770.0,12.8898701171875,525.6000061035156,319,04:52,0.0,0.0
598,4,biking,2015-04-04T07:17:26.000Z,11400.0,34.4702109375,1562.19970703125,878,05:30,115,115.0
599,4,biking,2014-09-25T07:01:09.000Z,12962.0,43.757671875,1971.1998901367188,1149,04:56,0.0,0.0
600,4,biking,2017-05-22T08:56:36.000Z,5995.0,21.83044921875,987.6002197265625,518,04:34,118,118.0
601,4,biking,2015-11-16T08:30:31.000Z,11235.0,30.5721796875,1365.2000732421875,826,06:07,0.0,0.0
602,4,biking,2016-05-20T07:54:52.000Z,3527.0,21.203470703125,358.80010986328125,442,02:46,110,110.0
603,4,biking,2016-10-08T06:44:48.000Z,7684.0,41.7595,885.5999767631292,1216,03:04,130,130.0
604,4,biking,2016-08-28T10:08:24.000Z,7548.0,26.52301953125,1186.6002197265625,1123,04:44,108,121.0
605,4,biking,2017-02-05T09:57:45.000Z,10566.0,52.12583984375,1362.4003700911999,1362,03:22,115,115.0
606,4,biking,2016-02-06T09:07:54.000Z,12694.0,47.089890625,1591.800048828125,1567,04:29,0.0,0.0
607,4,biking,2014-12-08T10:07:48.000Z,4261.0,6.8713798828125,328.5999755859375,447,10:20,0.0,0.0
608,4,biking,2017-04-22T08:57:21.000Z,5921.0,24.688380859375,964.0000610351562,537,03:59,105,114.0
609,4,biking,2017-09-30T08:00:00.000Z,1571.0,5.76943994140625,497.0,246,04:32,123,123.0
610,4,biking,2015-10-11T13:59:04.000Z,5458.0,23.121130859375,750.9999961853027,815,03:56,0.0,0.0
611,4,biking,2016-05-13T06:52:22.000Z,11872.0,40.21626171875,1136.4004211425781,1208,04:55,0.0,0.0
612,4,biking,2015-07-02T09:47:14.000Z,9344.0,24.249689453125,822.0001220703125,771,06:25,0.0,0.0
613,4,other,2016-01-06T09:22:47.000Z,6613.0,8.11818994140625,776.3997192382812,894,13:34,0.0,0.0
614,4,biking,2015-09-24T14:44:38.000Z,5701.0,32.310220703125,674.39990234375,451,02:56,0.0,0.0
615,4,biking,2014-10-10T04:35:48.000Z,3862.0,26.386849609375,104.19999694824219,359,02:26,107,115.0
616,4,biking,2014-12-26T09:22:35.000Z,11110.0,34.5353984375,1501.5999145507812,847,05:21,0.0,0.0
617,4,biking,2014-08-28T12:37:37.000Z,8306.0,34.56101171875,937.199951171875,688,04:00,110,116.0
618,4,biking,2015-08-06T14:38:39.000Z,9153.0,29.90198046875,1096.2001342773438,771,05:06,83,160.0
619,4,biking,2017-08-11T11:40:01.000Z,10571.0,38.915,1552.1995544433594,883,04:31,0.0,0.0
620,4,biking,2016-10-31T09:22:19.000Z,549.0,0.9447100219726563,205.0,131,09:41,0.0,0.0
621,4,biking,2016-05-22T09:19:23.000Z,6255.0,23.428740234375,1147.7998046875,1143,04:26,129,129.0
622,4,biking,2015-06-27T08:33:34.000Z,7912.0,30.827939453125,1409.39990234375,832,04:16,0.0,0.0
623,4,biking,2015-08-07T14:29:29.000Z,3328.0,18.636080078125,384.20001220703125,227,02:58,0.0,0.0
624,4,biking,2015-04-05T08:41:33.000Z,3610.0,11.362099609375,529.0001220703125,407,05:17,110,110.0
625,4,biking,2017-01-17T10:30:36.000Z,3438.0,0.14094000244140625,43.79974365234375,552,46:33,102,108.0
626,4,biking,2016-09-15T08:04:18.000Z,7988.0,30.9699609375,1359.0000610351562,1198,04:17,108,116.0
627,4,biking,2014-12-20T10:14:33.000Z,1684.0,5.25531005859375,191.79986572265625,159,05:20,104,104.0
628,4,biking,2015-10-11T12:41:58.000Z,1337.0,4.85589990234375,156.1999969482422,147,04:35,0.0,0.0
629,4,biking,2015-03-29T07:01:35.000Z,1760.0,0.05622000122070313,2.1999969482421875,175,41:45,0.0,0.0
630,4,biking,2017-03-23T09:00:32.000Z,9714.0,26.194880859375,1438.6000671386719,1325,06:10,110,131.0
631,4,biking,2016-10-07T06:05:46.000Z,16953.0,83.852421875,2522.2000210136175,2852,03:22,125,125.0
632,4,biking,2016-08-06T13:49:17.000Z,973.0,6.04177001953125,101.40000915527344,125,02:41,161,161.0
633,4,biking,2017-08-27T09:19:22.000Z,2259.0,0.0023399999141693116,4.7999267578125,221,09:44,0.0,0.0
634,4,biking,2016-01-30T08:09:47.000Z,14998.0,80.76328125,1709.5998229980469,2145,03:05,123,123.0
635,4,biking,2016-05-17T09:37:20.000Z,4486.0,28.471970703125,617.8001403808594,510,02:37,0.0,0.0
636,4,biking,2014-07-15T09:00:06.000Z,6341.0,15.7371796875,284.4000244140625,469,06:42,0.0,0.0
637,4,biking,2015-01-25T09:08:28.000Z,7386.0,25.2652890625,904.2001953125,794,04:52,104,104.0
638,4,biking,2014-07-21T08:06:27.000Z,8308.0,25.4949609375,1251.000244140625,706,05:25,0.0,0.0
639,4,biking,2014-08-01T14:19:16.000Z,3482.0,23.501810546875,370.6000671386719,289,02:28,0.0,0.0
640,4,biking,2017-06-28T06:57:16.000Z,5421.0,16.8389296875,739.5999755859375,512,05:21,110,115.0
641,4,biking,2017-05-18T11:34:09.000Z,6181.0,15.2943701171875,545.4000244140625,382,06:44,109,109.0
642,4,biking,2014-08-20T08:55:22.000Z,7473.0,18.360310546875,802.8001708984375,575,06:47,99,148.0
643,4,biking,2016-09-11T08:03:21.000Z,6211.0,28.01725,902.9999694824219,859,03:41,96,131.0
644,4,biking,2015-11-11T09:35:03.000Z,5765.0,33.13726171875,662.2000122070312,445,02:53,0.0,0.0
645,4,biking,2014-12-06T11:09:02.000Z,1204.0,0.23897000122070314,2.20001220703125,106,23:58,0.0,0.0
646,4,biking,2014-07-11T08:46:48.000Z,95.0,0.3604400024414062,6.2000732421875,5,04:23,75,75.0
647,4,biking,2017-04-13T07:22:09.000Z,12601.0,82.3780234375,1385.1999206542969,905,02:32,0.0,0.0
648,4,biking,2016-04-21T02:39:17.000Z,1602.0,8.24133984375,68.60000324249268,157,03:14,0.0,0.0
649,4,biking,2014-10-15T01:29:53.000Z,8054.0,37.34623046875,1087.4000568389893,1069,03:35,0.0,0.0
650,4,biking,2016-09-29T08:34:47.000Z,6952.0,25.277419921875,1186.5997924804688,1015,04:35,101,123.0
651,4,biking,2014-09-02T07:08:56.000Z,610.0,4.1560498046875,38.199981689453125,63,02:26,110,110.0
652,4,biking,2014-08-14T15:16:31.000Z,3604.0,13.747580078125,429.40008544921875,308,04:22,0.0,0.0
653,4,biking,2017-06-01T07:50:38.000Z,9241.0,28.446759765625,1555.4000549316406,812,05:24,108,123.0
654,4,biking,2017-06-22T08:21:17.000Z,8443.0,29.174259765625,1128.3998413085938,712,04:49,99,120.0
655,4,biking,2016-07-04T08:41:57.000Z,6554.0,25.047630859375,1065.8001403808594,938,04:21,129,129.0
656,4,biking,2015-12-02T08:45:09.000Z,10961.0,31.340189453125,1472.5998229980469,900,05:49,0.0,0.0
657,4,biking,2016-02-07T07:56:18.000Z,11541.0,37.22576953125,1079.9998779296875,1463,05:10,0.0,0.0
658,4,biking,2015-08-23T08:14:31.000Z,2435.0,7.11447021484375,58.0,170,05:42,0.0,0.0
659,4,biking,2016-05-08T08:28:01.000Z,1871.0,2.88939990234375,57.60002136230469,252,10:47,108,108.0
660,4,biking,2017-02-07T09:45:49.000Z,16829.0,63.24123828125,1886.1997133493423,1868,04:26,110,110.0
661,4,biking,2016-07-26T10:47:42.000Z,6723.0,24.634109375,1171.60009765625,1120,04:32,114,132.0
662,4,biking,2017-04-02T09:59:42.000Z,9624.0,60.713859375,1102.999980211258,1205,02:38,136,136.0
663,4,biking,2016-06-29T11:09:40.000Z,1326.0,6.355580078125,176.20001220703125,179,03:28,0.0,0.0
664,4,biking,2014-08-10T16:08:22.000Z,1919.0,0.004800000190734863,1.999969482421875,131,03:11,160,160.0
665,4,biking,2016-09-25T08:29:03.000Z,12726.0,72.73028125,1892.4000611305237,2398,02:54,131,131.0
666,4,biking,2016-01-29T13:36:55.000Z,6783.0,29.449150390625,1044.8000183105469,1109,03:50,106,111.0
667,4,biking,2014-08-03T19:22:53.000Z,3001.0,16.3028701171875,263.39996337890625,251,03:04,120,120.0
668,4,biking,2017-03-18T12:04:51.000Z,8250.0,17.08225,1037.6001043319702,822,08:02,126,126.0
669,4,biking,2015-10-03T12:45:02.000Z,1641.0,4.43127978515625,534.6000061035156,267,06:10,0.0,0.0
670,4,biking,2015-05-27T14:18:58.000Z,1221.0,0.17497000122070314,0.0,129,56:18,0.0,0.0
671,4,biking,2017-03-09T09:08:24.000Z,8743.0,24.84705078125,1041.2002563476562,1052,05:51,107,118.0
672,4,biking,2016-05-01T09:16:51.000Z,2438.0,0.18107000732421874,24.99932861328125,245,44:24,133,133.0
673,4,biking,2016-02-28T08:05:53.000Z,1538.0,7.1597998046875,213.20001220703125,180,03:34,159,159.0
674,4,biking,2015-07-31T14:27:32.000Z,2767.0,17.794990234375,270.7999725341797,200,02:35,121,121.0
675,4,biking,2016-09-03T08:50:03.000Z,3566.0,14.9506396484375,508.5999755859375,436,03:58,107,132.0
676,4,biking,2015-03-24T10:16:42.000Z,3730.0,21.342490234375,429.7999572753906,273,02:54,104,104.0
677,4,biking,2015-07-17T06:24:59.000Z,8933.0,60.89653125,845.3999928236008,646,02:26,111,111.0
678,4,biking,2016-06-03T11:50:03.000Z,8484.0,20.834650390625,722.600341796875,914,06:47,0.0,0.0
679,4,biking,2016-04-19T02:55:15.000Z,4012.0,12.9424599609375,271.0000123977661,405,05:09,0.0,0.0
680,4,biking,2015-05-20T09:10:28.000Z,3147.0,11.2287900390625,411.40008544921875,294,04:40,80,80.0
681,4,biking,2014-10-13T02:19:50.000Z,2201.0,14.0408603515625,196.79999828338623,235,02:36,0.0,122.0
682,4,biking,2017-08-10T08:14:47.000Z,7361.0,41.7062890625,762.4002075195312,533,02:56,172,172.0
683,4,biking,2017-08-26T08:02:57.000Z,5155.0,22.765859375,415.39996337890625,402,03:46,110,115.0
684,4,biking,2015-06-29T08:13:26.000Z,7888.0,28.02041015625,1486.3999633789062,754,04:41,0.0,0.0
685,4,biking,2015-08-06T22:15:12.000Z,1465.0,7.8413798828125,159.00001525878906,108,03:06,129,129.0
686,4,biking,2015-07-23T07:44:15.000Z,8203.0,25.613720703125,1226.39990234375,674,05:20,0.0,0.0
687,4,biking,2016-06-10T11:22:45.000Z,8292.0,36.290609375,1136.600082397461,1139,03:48,106,117.0
688,4,biking,2015-01-25T06:11:53.000Z,165.0,0.01497000026702881,0.0,1,03:42,0.0,0.0
689,4,biking,2017-10-08T08:12:10.000Z,1628.0,4.83239013671875,538.3999633789062,257,05:36,111,111.0
690,4,running,2015-12-31T09:37:40.000Z,7338.0,12.7482099609375,983.3999633789062,1030,09:35,0.0,0.0
691,4,biking,2016-05-07T06:39:49.000Z,3802.0,13.3874697265625,518.3999786376953,511,04:43,129,129.0
692,4,biking,2016-10-09T07:29:50.000Z,10404.0,55.47880859375,1519.9999971985817,1815,03:07,156,156.0
693,4,biking,2017-06-12T05:59:27.000Z,14869.0,94.3367421875,1759.1999969482422,1058,02:37,126,126.0
694,4,biking,2015-07-15T07:26:36.000Z,11494.0,70.3724375,1121.2000226974487,837,02:43,120,120.0
695,4,biking,2016-08-11T13:25:05.000Z,9008.0,31.01669921875,1305.6000366210938,1181,04:50,0.0,0.0
696,4,biking,2015-07-08T08:04:26.000Z,5924.0,19.045689453125,1037.1998901367188,606,05:11,0.0,0.0
697,4,biking,2016-07-09T08:01:46.000Z,6244.0,21.63291015625,656.80029296875,804,04:48,125,125.0
698,4,biking,2015-03-07T10:19:41.000Z,9279.0,25.085869140625,1164.9999618530273,648,06:09,116,116.0
699,4,biking,2014-07-04T04:27:43.000Z,145.0,0.02921999931335449,0.0,1,22:42,0.0,0.0
700,4,biking,2014-06-28T04:29:10.000Z,147.0,0.007,0.0,0,50:00,0.0,0.0
701,4,biking,2015-05-27T08:31:07.000Z,5888.0,31.241140625,886.9998168945312,529,03:08,108,108.0
702,4,biking,2017-06-26T08:11:51.000Z,7183.0,26.16955078125,1242.599853515625,682,04:34,139,139.0
703,4,biking,2016-07-02T07:05:48.000Z,2081.0,10.38651953125,221.00018310546875,235,03:20,0.0,0.0
704,4,biking,2017-03-22T09:42:46.000Z,7597.0,20.805509765625,475.60040283203125,668,06:05,116,116.0
705,4,biking,2016-07-15T07:11:29.000Z,13448.0,50.2878515625,2096.400115966797,1847,04:27,113,113.0
706,4,biking,2015-03-29T08:00:46.000Z,5205.0,25.793990234375,1089.2000885009766,732,03:21,114,114.0
707,4,biking,2015-02-05T09:24:39.000Z,4092.0,0.794469970703125,0.20001220703125,454,25:50,0.0,0.0
708,4,biking,2014-07-13T07:57:02.000Z,4889.0,13.551400390625,507.000244140625,398,06:00,89,89.0
709,4,biking,2016-02-26T09:03:32.000Z,8448.0,50.55012890625,1500.40087890625,1573,02:47,125,125.0
710,4,biking,2017-05-05T08:02:43.000Z,7301.0,32.102060546875,1150.8003540039062,677,03:47,122,122.0
711,4,biking,2015-02-02T09:21:40.000Z,9670.0,26.896689453125,803.1999816894531,810,05:59,113,127.0
712,4,biking,2015-02-09T09:17:09.000Z,13363.0,32.656220703125,1157.4000930786133,1615,06:49,108,108.0
713,4,biking,2014-09-04T08:51:23.000Z,4208.0,21.781650390625,290.59998321533203,287,03:13,0.0,0.0
714,4,biking,2014-11-29T08:04:37.000Z,12374.0,39.22208984375,1793.7999267578125,1063,05:15,0.0,0.0
715,4,biking,2015-03-25T11:57:00.000Z,602.0,1.0043300170898437,2.0,57,09:59,0.0,0.0
716,4,biking,2016-04-24T01:19:00.000Z,5923.0,27.010880859375,803.8000411987305,1108,03:39,0.0,0.0
717,4,biking,2017-03-26T09:49:11.000Z,1989.0,12.1653798828125,95.19998168945312,199,02:43,109,109.0
718,4,biking,2017-08-30T07:32:14.000Z,8824.0,28.227279296875,1294.3999633789062,782,05:12,0.0,0.0
719,4,biking,2016-09-27T07:42:17.000Z,10429.0,75.8993984375,1265.0001220703125,1378,02:17,0.0,0.0
720,4,biking,2014-08-18T09:05:15.000Z,3043.0,13.969919921875,495.40008544921875,248,03:37,107,107.0
721,4,biking,2017-08-17T07:40:04.000Z,9370.0,36.44005078125,1652.0000915527344,841,04:17,106,128.0
722,4,biking,2017-05-15T07:58:18.000Z,9245.0,28.91858984375,757.8001098632812,763,05:19,119,119.0
723,4,biking,2016-04-21T03:50:04.000Z,8336.0,23.328900390625,705.7999877929688,903,05:57,0.0,112.0
724,4,biking,2016-06-09T07:54:33.000Z,13249.0,64.24173046875,647.0015869140625,1809,03:26,207,207.0
725,4,biking,2017-09-05T23:57:10.000Z,8786.0,40.02905078125,803.7999806404114,780,03:39,105,131.0
726,4,biking,2015-03-08T10:05:48.000Z,8432.0,33.23725,1039.2000427246094,713,04:13,128,128.0
727,4,biking,2017-07-13T09:25:47.000Z,5570.0,21.3937109375,749.6000061035156,513,04:20,105,130.0
728,4,biking,2014-08-31T06:03:18.000Z,7963.0,30.4534609375,1236.0000610351562,726,04:21,0.0,0.0
729,4,biking,2014-12-19T08:33:45.000Z,10732.0,70.2111484375,1369.000108718872,883,02:32,0.0,0.0
730,4,biking,2016-03-28T09:51:18.000Z,5928.0,30.212890625,657.1995239257812,854,03:16,114,119.0
731,4,biking,2015-04-20T09:31:34.000Z,1885.0,10.6649501953125,192.60003662109375,147,02:56,111,111.0
732,4,biking,2017-10-12T13:32:40.000Z,5341.0,22.67219921875,618.9998779296875,424,03:55,115,115.0
733,4,biking,2016-04-01T14:10:25.000Z,3313.0,9.9178896484375,401.200008392334,405,05:34,111,111.0
734,4,biking,2015-10-02T09:09:32.000Z,5485.0,32.33880078125,686.6000366210938,483,02:49,0.0,0.0
735,4,biking,2015-04-16T08:16:51.000Z,10635.0,60.52523828125,1163.6000219136477,1005,02:55,113,115.0
736,4,biking,2016-05-05T11:52:39.000Z,7631.0,20.775400390625,1092.000015258789,1000,06:07,111,128.0
737,4,biking,2016-08-14T12:31:11.000Z,7901.0,50.43678125,1290.600341796875,1260,02:36,113,120.0
738,4,biking,2016-03-06T08:04:45.000Z,1112.0,7.92625,93.79999923706055,178,02:20,145,145.0
739,4,biking,2016-08-20T14:39:07.000Z,48185.0,33.9446796875,334.8000774383545,542,23:39,0.0,0.0
740,4,biking,2017-06-04T11:10:20.000Z,4109.0,26.99991015625,613.2000122070312,435,02:32,137,137.0
741,4,biking,2015-08-20T15:34:24.000Z,2094.0,6.59327978515625,91.800048828125,121,05:17,113,113.0
742,4,biking,2016-05-29T08:23:49.000Z,2002.0,0.032380001068115234,9.00006103515625,180,10:28,36,36.0
743,4,biking,2015-03-27T16:22:24.000Z,1207.0,0.4111099853515625,0.0,115,48:55,114,114.0
744,4,biking,2014-12-17T07:58:52.000Z,11146.0,26.06533984375,1250.399887084961,848,07:07,0.0,0.0
745,4,biking,2014-12-10T12:02:40.000Z,1843.0,6.8955,46.99993896484375,163,04:27,0.0,0.0
746,4,biking,2015-03-10T09:25:10.000Z,2818.0,17.449310546875,302.400146484375,251,02:41,119,119.0
747,4,biking,2015-01-04T09:40:13.000Z,12925.0,33.03048828125,869.2000025957823,795,06:31,113,113.0
748,4,biking,2016-02-24T09:37:02.000Z,3729.0,11.587599609375,522.4000854492188,447,05:21,124,124.0
749,4,biking,2017-05-23T09:15:59.000Z,7499.0,19.4925703125,1080.800048828125,675,06:24,106,113.0
750,4,biking,2015-04-01T08:11:57.000Z,6477.0,23.872669921875,681.2000427246094,591,04:31,108,108.0
751,4,biking,2015-07-30T16:09:24.000Z,8186.0,26.93373046875,978.7999725341797,737,05:03,106,124.0
752,4,biking,2017-03-29T08:39:03.000Z,7570.0,18.874140625,1072.39990234375,641,06:41,109,131.0
753,4,biking,2014-12-14T11:06:49.000Z,1802.0,0.06670999908447266,0.79998779296875,143,30:12,0.0,0.0
754,4,biking,2015-07-13T15:06:03.000Z,3433.0,15.2792001953125,502.39996337890625,279,03:44,104,104.0
755,4,biking,2016-07-24T08:03:00.000Z,20251.0,76.05475,2195.600372314453,2517,04:26,0.0,0.0
756,4,biking,2016-12-26T09:33:20.000Z,7265.0,30.037380859375,982.2000427246094,943,04:01,126,126.0
757,4,biking,2017-05-31T06:15:05.000Z,8859.0,61.15551953125,829.3999938964844,615,02:24,118,118.0
758,4,biking,2017-10-28T07:32:32.000Z,10563.0,32.022349609375,1761.60009765625,1608,05:29,0.0,0.0
759,4,biking,2017-03-01T11:50:53.000Z,6508.0,25.27383984375,994.9999542236328,873,04:17,107,113.0
760,4,biking,2016-06-18T11:05:51.000Z,5056.0,21.32058984375,746.3998107910156,985,03:57,129,129.0
761,4,biking,2017-01-26T10:55:26.000Z,1813.0,0.0706500015258789,16.99993896484375,258,07:41,122,122.0
762,4,biking,2015-12-16T13:02:32.000Z,5857.0,17.448830078125,671.800048828125,504,05:35,0.0,0.0
763,4,biking,2016-06-17T15:14:08.000Z,4471.0,11.9643701171875,371.99993896484375,417,06:13,128,128.0
764,4,biking,2017-07-05T08:41:01.000Z,7248.0,22.9790703125,759.7998046875,611,05:15,116,133.0
765,4,biking,2017-02-23T08:02:02.000Z,14318.0,52.68437109375,2056.5995330810547,1857,04:31,116,116.0
766,4,biking,2016-07-27T11:14:36.000Z,3921.0,15.7326103515625,584.2000122070312,557,04:09,0.0,0.0
767,4,biking,2014-09-01T16:56:29.000Z,1910.0,11.73626953125,187.19998931884766,169,02:42,115,115.0
768,4,biking,2015-01-23T09:11:57.000Z,7243.0,33.8438515625,954.7999267578125,645,03:34,104,152.0
769,4,biking,2016-02-25T11:40:27.000Z,2411.0,13.79708984375,314.40008544921875,321,02:54,178,178.0
770,4,biking,2015-06-09T12:55:10.000Z,6667.0,23.633009765625,736.199951171875,537,04:42,0.0,0.0
771,4,biking,2017-08-29T08:41:53.000Z,7954.0,56.97123828125,1003.3999328613281,636,02:19,0.0,0.0
772,4,biking,2016-01-26T13:30:10.000Z,7260.0,27.6735390625,767.800048828125,853,04:22,118,120.0
773,4,biking,2016-09-12T07:01:25.000Z,12560.0,53.63087109375,1855.4004211425781,1677,03:54,123,123.0
774,4,biking,2014-07-03T07:59:00.000Z,9442.0,36.99405859375,1773.7999267578125,911,04:15,98,132.0
775,4,biking,2015-09-20T08:00:01.000Z,3413.0,11.862,844.1999816894531,536,04:47,0.0,0.0
776,4,biking,2015-02-07T10:51:19.000Z,7286.0,24.97283984375,574.0001220703125,696,04:51,0.0,0.0
777,4,biking,2016-05-22T07:58:45.000Z,3251.0,4.453080078125,46.5999755859375,243,12:10,110,110.0
778,4,biking,2014-09-26T09:43:59.000Z,3600.0,20.911240234375,419.0001220703125,321,02:52,132,132.0
779,4,biking,2015-10-18T12:16:09.000Z,8323.0,56.053078125,926.0000610351562,642,02:28,0.0,0.0
780,4,biking,2017-07-30T10:00:40.000Z,5504.0,20.147080078125,784.9999389648438,858,04:33,128,128.0
781,4,biking,2015-08-02T14:09:38.000Z,2942.0,9.456849609375,159.79998779296875,216,05:11,120,120.0
782,4,biking,2014-07-25T05:29:47.000Z,158.0,0.0293700008392334,0.79998779296875,1,29:39,0.0,0.0
783,4,biking,2016-02-28T08:59:02.000Z,6280.0,29.4896796875,1138.000244140625,1190,03:32,128,128.0
784,4,biking,2016-06-08T07:40:34.000Z,5701.0,33.92326171875,1108.2001342773438,971,02:48,77,126.0
785,4,biking,2014-07-30T14:25:51.000Z,9634.0,26.373849609375,1014.3999786376953,687,06:05,120,120.0
786,4,biking,2017-09-04T02:28:20.000Z,5013.0,23.617240234375,158.80000633001328,279,03:32,119,119.0
787,4,biking,2017-07-09T10:14:04.000Z,5546.0,21.4929296875,694.80078125,851,04:18,128,128.0
788,4,biking,2015-05-31T08:15:09.000Z,3173.0,8.2070400390625,87.800048828125,230,06:26,0.0,0.0
789,4,biking,2015-05-06T10:03:10.000Z,10793.0,42.46848046875,1561.60009765625,820,04:14,97,124.0
790,4,biking,2016-06-08T09:33:38.000Z,5624.0,21.938080078125,673.9998779296875,704,04:16,107,107.0
791,4,biking,2015-12-07T09:15:00.000Z,8262.0,38.15533984375,1222.1998291015625,863,03:36,0.0,0.0
792,4,biking,2016-06-18T09:44:37.000Z,1710.0,12.1090302734375,103.8001708984375,252,02:21,135,135.0
793,4,biking,2015-01-09T09:10:07.000Z,2135.0,5.25475,30.399999618530273,191,06:46,0.0,0.0
794,4,biking,2015-12-18T12:13:08.000Z,6374.0,21.3077890625,638.9999847412109,495,04:59,98,151.0
795,4,biking,2016-05-21T07:10:44.000Z,5225.0,17.849240234375,591.0001220703125,559,04:52,111,137.0
796,4,biking,2015-12-26T09:32:56.000Z,8319.0,42.80955859375,1161.4000244140625,1282,03:14,107,118.0
797,4,biking,2015-01-01T09:04:28.000Z,7127.0,8.7631201171875,663.9999694824219,582,13:33,0.0,0.0
798,4,biking,2016-09-20T09:20:13.000Z,3660.0,12.1406201171875,712.2000732421875,594,05:01,106,138.0
799,4,biking,2016-02-03T09:43:44.000Z,5467.0,19.6775,383.8001708984375,1016,04:37,101,154.0
800,4,biking,2015-01-03T12:34:02.000Z,11551.0,27.10973046875,709.4000054001808,681,07:06,113,113.0
801,4,biking,2017-05-07T08:02:43.000Z,2192.0,0.030010000228881836,6.399993896484375,214,17:22,166,166.0
802,4,biking,2016-07-30T08:26:10.000Z,4269.0,15.7903701171875,695.199951171875,659,04:30,108,116.0
803,4,biking,2014-08-06T14:25:32.000Z,7607.0,26.153439453125,1085.3999328613281,710,04:50,100,202.0
804,4,biking,2016-05-02T08:44:12.000Z,3524.0,0.35289999389648435,55.80108642578125,463,46:25,100,130.0
805,4,biking,2015-06-12T07:45:39.000Z,8765.0,31.197640625,1200.0001831054688,657,04:40,0.0,0.0
806,4,biking,2015-05-14T10:03:27.000Z,8989.0,30.550900390625,980.8000183105469,669,04:54,99,120.0
807,4,biking,2017-07-17T13:00:16.000Z,12433.0,84.18978125,1536.8003845214844,930,02:27,122,122.0
808,4,biking,2017-05-25T12:41:41.000Z,6676.0,25.4351796875,909.5997314453125,575,04:22,62,62.0
809,4,biking,2015-04-26T11:47:45.000Z,6180.0,18.7544609375,966.5997924804688,977,05:29,21,183.0
810,4,biking,2015-08-01T13:38:11.000Z,4094.0,17.049119140625,419.3999938964844,336,04:00,0.0,0.0
811,4,biking,2015-10-30T09:46:34.000Z,9475.0,29.8834296875,701.4000701904297,568,05:17,0.0,0.0
812,4,biking,2017-07-15T09:39:06.000Z,3232.0,16.717720703125,488.79998779296875,252,03:13,174,174.0
813,4,biking,2015-08-21T08:55:13.000Z,2796.0,16.74005078125,199.39996337890625,210,02:47,0.0,0.0
814,4,biking,2016-01-08T08:47:55.000Z,8526.0,9.68425,933.19921875,994,14:40,0.0,0.0
815,4,biking,2014-12-16T10:01:17.000Z,2983.0,0.428989990234375,6.0,231,55:53,0.0,0.0
816,4,biking,2014-08-30T08:12:48.000Z,7397.0,28.036140625,1347.800048828125,673,04:23,0.0,0.0
817,4,biking,2014-09-02T15:06:29.000Z,1880.0,11.3549404296875,163.39998626708984,178,02:45,0.0,0.0
818,4,biking,2016-05-21T13:54:19.000Z,1982.0,12.6733701171875,79.79974365234375,245,02:36,0.0,0.0
819,4,biking,2015-01-18T09:40:08.000Z,13959.0,41.26773828125,1736.5999450683594,1095,05:38,107,107.0
820,4,biking,2016-08-30T15:36:52.000Z,2530.0,12.3119501953125,358.3997802734375,326,03:25,159,159.0
821,4,biking,2015-03-12T08:34:40.000Z,13127.0,87.7937421875,1606.599868774414,687,02:29,132,132.0
822,4,biking,2016-02-25T07:56:30.000Z,2147.0,12.5626103515625,116.99999475479126,240,02:50,123,123.0
823,4,biking,2014-12-30T09:07:05.000Z,13354.0,79.3456796875,1784.3999981880188,1171,02:48,124,124.0
824,4,biking,2015-04-17T08:45:00.000Z,12589.0,63.56351953125,1637.400128364563,1238,03:18,63,148.0
825,4,biking,2017-05-20T10:10:15.000Z,2677.0,0.08587999725341797,0.199951171875,268,39:31,0.0,0.0
826,4,biking,2016-02-26T11:40:26.000Z,1163.0,5.40156005859375,84.5999755859375,87,03:35,104,104.0
827,4,biking,2015-07-12T12:00:01.000Z,5182.0,24.885,963.4000854492188,824,03:28,192,192.0
828,4,biking,2016-06-23T07:44:03.000Z,6996.0,26.71323046875,1157.199951171875,1016,04:21,98,130.0
829,4,biking,2017-06-21T06:57:15.000Z,12760.0,46.10369921875,1860.7997741699219,923,04:36,102,112.0
830,4,biking,2014-12-22T09:38:57.000Z,11990.0,38.317890625,1765.9998321533203,868,05:12,112,112.0
831,4,biking,2016-04-23T23:57:16.000Z,1216.0,7.218490234375,45.19999837875366,121,02:48,0.0,0.0
832,4,biking,2017-02-25T09:59:25.000Z,3610.0,0.3473599853515625,26.59918212890625,571,53:12,102,143.0
833,4,biking,2016-03-24T11:27:13.000Z,11668.0,46.51162109375,1476.199951171875,1495,04:10,121,121.0
834,4,biking,2016-02-11T09:40:21.000Z,16021.0,54.364140625,2181.9998168945312,2096,04:54,0.0,153.0
835,4,biking,2017-02-26T09:56:22.000Z,13082.0,40.354078125,1690.6001358032227,1392,05:24,0.0,0.0
836,4,biking,2016-03-29T12:29:38.000Z,7384.0,31.520740234375,909.0000610351562,947,03:54,113,122.0
837,4,biking,2015-04-26T13:39:03.000Z,1202.0,0.0032799999713897703,2.4000244140625,68,47:43,58,58.0
838,4,biking,2016-09-01T11:57:42.000Z,7871.0,24.932349609375,1107.199951171875,1089,05:15,111,123.0
839,4,biking,2017-06-09T08:40:38.000Z,20515.0,73.1091796875,2834.2000274658203,1638,04:40,118,118.0
840,4,biking,2017-03-16T08:12:06.000Z,12318.0,42.79548046875,1951.400390625,1652,04:47,148,148.0
841,4,biking,2015-01-10T09:06:55.000Z,14101.0,120.8596796875,1267.6000037193298,1317,01:56,144,144.0
842,4,biking,2015-05-07T12:11:18.000Z,8183.0,33.6451796875,1230.3999633789062,759,04:03,97,132.0
843,4,biking,2014-09-05T06:42:42.000Z,4559.0,5.632990234375,254.7999725341797,382,13:29,113,113.0
844,4,biking,2016-06-25T09:01:23.000Z,1726.0,8.94773046875,224.4000244140625,226,03:12,129,129.0
845,4,biking,2015-05-09T08:34:54.000Z,3360.0,21.04055078125,410.20013427734375,287,02:39,113,113.0
846,4,biking,2015-05-21T08:19:19.000Z,7598.0,17.51491015625,788.7998046875,498,07:13,103,113.0
847,4,biking,2017-08-19T07:53:03.000Z,6682.0,28.776919921875,1114.2000427246094,631,03:52,100,122.0
848,4,biking,2015-10-10T14:00:21.000Z,2494.0,9.337849609375,293.00000381469727,299,04:27,0.0,0.0
849,4,biking,2017-06-05T08:11:17.000Z,10548.0,64.621109375,628.5999755859375,774,02:43,119,119.0
850,4,biking,2015-03-31T07:45:16.000Z,11768.0,75.66028125,1326.3998718261719,951,02:35,116,116.0
851,4,biking,2015-10-10T14:55:15.000Z,2856.0,9.880830078125,283.20001220703125,291,04:49,0.0,0.0
852,4,biking,2016-05-22T11:45:21.000Z,1332.0,8.0623701171875,46.4000244140625,114,02:45,101,101.0
853,4,biking,2016-10-01T10:59:41.000Z,3299.0,16.641849609375,376.19989013671875,363,03:18,138,138.0
854,4,biking,2014-09-29T08:44:12.000Z,6056.0,23.645599609375,938.7999877929688,438,04:16,110,110.0
855,4,biking,2017-08-24T10:39:32.000Z,10635.0,34.716859375,837.999755859375,659,05:06,105,121.0
856,4,biking,2014-12-20T10:57:35.000Z,2054.0,10.7015703125,338.80010986328125,326,03:11,116,116.0
857,4,biking,2016-02-04T09:50:16.000Z,7479.0,20.845109375,1440.1999206542969,1164,05:58,92,108.0
858,4,biking,2015-05-13T14:38:59.000Z,3003.0,10.5052197265625,440.99993896484375,247,04:45,102,102.0
859,4,biking,2015-11-28T10:01:40.000Z,10826.0,34.32512890625,1153.0000915527344,846,05:15,0.0,0.0
860,4,biking,2015-12-12T06:49:39.000Z,25648.0,21.54775,1708.5999145507812,1387,19:50,0.0,0.0
861,4,biking,2014-10-01T06:53:44.000Z,14236.0,45.70496875,1946.0001373291016,1190,05:11,0.0,0.0
862,4,biking,2016-05-03T09:25:16.000Z,8455.0,27.297560546875,822.8000793457031,885,05:09,107,114.0
863,4,biking,2016-05-18T07:02:34.000Z,3698.0,20.56708984375,642.9998779296875,542,02:59,98,114.0
864,4,biking,2014-08-15T09:13:31.000Z,8532.0,25.46475,904.9998779296875,797,05:35,107,116.0
865,4,biking,2017-02-09T10:33:35.000Z,6045.0,27.84055078125,676.7999427318573,686,03:37,113,125.0
866,4,biking,2015-03-21T08:54:35.000Z,8949.0,29.172390625,1533.7999877929688,821,05:06,98,175.0
867,4,biking,2017-06-29T07:23:10.000Z,7394.0,23.145240234375,858.7999267578125,648,05:19,108,119.0
868,4,biking,2015-06-22T09:21:20.000Z,4258.0,17.185359375,595.0000305175781,315,04:07,0.0,0.0
869,4,biking,2016-09-04T09:19:05.000Z,5874.0,20.274869140625,953.9998779296875,1005,04:49,123,123.0
870,4,biking,2014-09-23T07:58:51.000Z,13298.0,97.5781171875,1746.2000732421875,3122,02:16,0.0,0.0
871,4,biking,2017-09-09T00:37:56.000Z,2880.0,9.4226298828125,79.80000174045563,289,05:05,0.0,105.0
872,4,biking,2017-06-18T11:32:51.000Z,4974.0,18.116099609375,1212.3999938964844,730,04:34,128,128.0
873,4,biking,2016-01-12T11:37:26.000Z,11043.0,40.2099296875,1124.3999328613281,1264,04:34,110,110.0
874,4,biking,2016-09-04T08:25:58.000Z,1886.0,0.009399999618530273,7.599365234375,101,43:58,40,40.0
875,4,biking,2015-06-07T10:47:58.000Z,5154.0,18.065330078125,1121.3999862670898,778,04:45,0.0,0.0
876,4,biking,2016-09-02T09:11:10.000Z,3118.0,10.4006298828125,637.39990234375,517,04:59,105,105.0
877,4,biking,2016-08-02T17:23:51.000Z,1911.0,11.868650390625,214.6000213623047,264,02:41,137,137.0
878,4,biking,2014-10-03T10:46:12.000Z,3559.0,22.1187109375,463.3999328613281,345,02:40,142,142.0
879,4,biking,2015-05-10T08:02:42.000Z,2101.0,0.016600000381469728,0.0,182,09:26,171,171.0
880,4,biking,2017-03-02T08:50:43.000Z,11315.0,33.1771015625,1874.199951171875,1565,05:41,106,106.0
881,4,biking,2014-10-04T11:59:27.000Z,1450.0,4.0221201171875,507.6000061035156,242,06:00,108,108.0
882,4,biking,2014-10-11T03:08:28.000Z,6796.0,27.6536796875,380.4000062942505,617,04:05,98,109.0
883,4,biking,2015-05-10T08:58:30.000Z,5329.0,18.580970703125,1101.6000061035156,842,04:46,120,120.0
884,4,biking,2016-04-27T08:55:38.000Z,5498.0,1.2375400390625,91.6007080078125,622,14:02,134,134.0
885,4,biking,2015-04-12T09:57:33.000Z,2358.0,10.0919296875,379.79986572265625,374,03:53,64,177.0
886,4,biking,2017-05-07T10:24:46.000Z,851.0,4.4745498046875,66.5999755859375,87,03:10,106,106.0
887,4,biking,2014-12-13T08:54:49.000Z,11310.0,88.843203125,605.5999984741211,800,02:07,0.0,0.0
888,4,biking,2016-09-23T13:59:21.000Z,4228.0,31.104619140625,350.20000648498535,824,02:15,136,136.0
